id,level,event,date_start,date_end,era,format,mode,division,round,player1,player2,winner,video_url,timestamp,results_url,teamlist_url,liquipedia_url,priority,status,notes
2022-global-exhibition,event,2021 Pokémon Global Exhibition (online invitational),2021-10-30,2021-10-31,swsh,SwSh Series 11,doubles,,,,,,https://www.twitch.tv/pokemon,,https://victoryroad.pro/2021/10/31/global-exhibition-results/,https://victoryroad.pro/2021/10/31/global-exhibition-results/,https://liquipedia.net/pokemon/Pokemon_Championships/2021/Global_Exhibition,4,queued,broadcast=official (Play! Pokémon / regional Pokémon Company channel) | video_url is a channel page; no VOD located | sources: https://victoryroad.pro/2022-season-events/ | Broadcast on https://www.twitch.tv/pokemon per official announcement https://www.pokemon.com/us/pokemon-news/stream-the-pokemon-global-exhibition-october-3031 ; no official VOD located. Per-match YouTube uploads found by search (e.g. https://youtu.be/IeoxvTQER-c) return 404 via oEmbed (removed/private).
2022-salt-lake-city,event,2022 Pokémon Salt Lake City Regional Championships,2022-03-19,2022-03-20,swsh,SwSh Series 12,doubles,,,,,,https://www.youtube.com/watch?v=dH8dfkQaXsA,,https://victoryroad.pro/2022/03/20/2022-slc-reg-results/,https://victoryroad.pro/2022/03/20/2022-slc-reg-results/,https://liquipedia.net/pokemon/Pokemon_Championships/Regional/Salt_Lake_City/2022/VGC,4,queued,broadcast=official (Play! Pokémon / regional Pokémon Company channel) | vods: D1 https://youtu.be/KVmlr_SBkxM [Official Pokémon]; D2 https://youtu.be/dH8dfkQaXsA [Official Pokémon] | sources: https://victoryroad.pro/2022-season-events/
2022-euic,event,2022 Pokémon Europe International Championships (Frankfurt),2022-04-22,2022-04-24,swsh,SwSh Series 12,doubles,,,,,,https://www.youtube.com/watch?v=CY2VwyqT9kI,,https://victoryroad.pro/2022/04/24/teams-and-results-from-the-2022-europe-international-championships/,https://victoryroad.pro/2022/04/24/teams-and-results-from-the-2022-europe-international-championships/,https://liquipedia.net/pokemon/Pokemon_Championships/International/Europe/2022/VGC,3,queued,broadcast=official (Play! Pokémon / regional Pokémon Company channel) | vods: D1 https://youtu.be/iX7wMYKqKEI [Official Pokémon]; D2 https://youtu.be/CY2VwyqT9kI [Official Pokémon]; Sun https://youtu.be/KaVpD6qY0C0 [Official Pokémon] | sources: https://victoryroad.pro/2022-season-events/
2022-indianapolis,event,2022 Pokémon Indianapolis Regional Championships,2022-05-07,2022-05-08,swsh,SwSh Series 12,doubles,,,,,,https://www.youtube.com/watch?v=Tu_UA-xynT4,,https://victoryroad.pro/2022/05/09/indianapolis-regs-results/,https://victoryroad.pro/2022/05/09/indianapolis-regs-results/,https://liquipedia.net/pokemon/Pokemon_Championships/Regional/Indianapolis/2022/VGC,4,queued,broadcast=official (Play! Pokémon / regional Pokémon Company channel) | vods: D1 https://youtu.be/t-ZXMN-zLp0 [Official Pokémon]; D2 https://youtu.be/Tu_UA-xynT4 [Official Pokémon] | sources: https://victoryroad.pro/2022-season-events/
2022-secaucus,event,2022 Pokémon Secaucus Regional Championships,2022-05-21,2022-05-22,swsh,SwSh Series 12,doubles,,,,,,https://www.youtube.com/watch?v=Et57XYIBr6I,,https://victoryroad.pro/2022/05/22/secaucus-regs-results/,https://victoryroad.pro/2022/05/22/secaucus-regs-results/,https://liquipedia.net/pokemon/Pokemon_Championships/Regional/Secaucus/2022/VGC,4,queued,broadcast=official (Play! Pokémon / regional Pokémon Company channel) | vods: D1 https://youtu.be/JTYFrIXSg1c [Official Pokémon]; D2 https://youtu.be/Et57XYIBr6I [Official Pokémon] | sources: https://victoryroad.pro/2022-season-events/
2022-vancouver,event,2022 Pokémon Vancouver Regional Championships,2022-05-28,2022-05-29,swsh,SwSh Series 12,doubles,,,,,,https://www.youtube.com/watch?v=2NwNJZsFpeM,,https://victoryroad.pro/2022/05/29/vancouver-regs-results/,https://victoryroad.pro/2022/05/29/vancouver-regs-results/,,4,queued,broadcast=official (Play! Pokémon / regional Pokémon Company channel) | vods: D2 https://youtu.be/2NwNJZsFpeM [Official Pokémon] | sources: https://victoryroad.pro/2022-season-events/ | Day 1 VOD not located.
2022-korea,event,Pokémon Trainers Cup 2022 (Korea national final),2022-06-04,2022-06-04,swsh,SwSh Series 12,doubles,,,,,,https://www.youtube.com/watch?v=CFZ7ZkmS_cs,,,,,4,queued,broadcast=official (Play! Pokémon / regional Pokémon Company channel) | vods: Final https://youtu.be/CFZ7ZkmS_cs [Pokémon Korea official] | sources: https://victoryroad.pro/2022-season-events/ | Korean-language broadcast (Pokémon Korea). Results page not located this session.
2022-japan,event,Pokémon Japan Championships 2022 (game division),2022-06-11,2022-06-12,swsh,SwSh Series 12,doubles,,,,,,https://www.youtube.com/watch?v=_7q5eef9dd0,,,,,4,queued,broadcast=official (Play! Pokémon / regional Pokémon Company channel) | vods: D2 https://youtu.be/_7q5eef9dd0 [Pokémon JP official] | sources: https://victoryroad.pro/2022-season-events/ | Japanese-language broadcast. Day 1 VOD and results page not located this session.
2022-milwaukee,event,2022 Pokémon Milwaukee Regional Championships,2022-06-18,2022-06-19,swsh,SwSh Series 12,doubles,,,,,,https://www.youtube.com/watch?v=hwG6EuZz3sA,,https://victoryroad.pro/2022/06/19/milwaukee-regs-results/,https://victoryroad.pro/2022/06/19/milwaukee-regs-results/,,4,queued,broadcast=official (Play! Pokémon / regional Pokémon Company channel) | vods: D1 https://youtu.be/hwG6EuZz3sA [Official Pokémon] | sources: https://victoryroad.pro/2022-season-events/ | Day 2 (top cut) VOD not located; only Day 1 found.
2022-naic,event,2022 Pokémon North America International Championships (Columbus),2022-06-24,2022-06-26,swsh,SwSh Series 12,doubles,,,,,,https://www.youtube.com/watch?v=RppjvSaOXIU,,https://victoryroad.pro/2022/06/26/naic-results/,https://victoryroad.pro/2022/06/26/naic-results/,https://liquipedia.net/pokemon/Pokemon_Championships/International/North_America/2022/VGC,3,queued,broadcast=official (Play! Pokémon / regional Pokémon Company channel) | vods: D1 https://youtu.be/sforhetdV34 [Official Pokémon]; D2 https://youtu.be/RppjvSaOXIU [Official Pokémon]; Sun https://youtu.be/CNr_WN-IKlA [Official Pokémon]; Masters final https://youtu.be/DBpFm8ALBZs [Official Pokémon] | sources: https://victoryroad.pro/2022-season-events/
2022-worlds,event,"2022 Pokémon World Championships (VGC, London)",2022-08-18,2022-08-21,swsh,SwSh Series 12,doubles,,,,,,https://www.youtube.com/watch?v=fqxYs7zz7WI,,https://victoryroad.pro/2022/08/22/worlds-results/,https://victoryroad.pro/2022/08/22/worlds-results/,https://liquipedia.net/pokemon/Pokemon_Championships/Worlds/2022/VGC,2,queued,broadcast=official (Play! Pokémon / regional Pokémon Company channel) | vods: D1 https://youtu.be/MlfbeWSL8fo [Official Pokémon]; D2 https://youtu.be/fqxYs7zz7WI [Official Pokémon]; D3 https://youtu.be/aX6Oqk56Pag [Official Pokémon]; Masters final https://youtu.be/UldeXA6T4_A [Official Pokémon]; JP Day 4 https://youtu.be/CWpnSp7Alqg [Pokémon JP official] | sources: https://victoryroad.pro/2022-season-events/ | Liquipedia lists the VGC event as Aug 19–21; VR lists the event week as Aug 18–21.
2023-san-diego,event,2023 Pokémon San Diego Regional Championships,2023-01-07,2023-01-08,sv,SV Reg A,doubles,,,,,,https://www.youtube.com/watch?v=K6qX4cUseTo,,https://victoryroad.pro/2023-san-diego/,https://victoryroad.pro/2023-san-diego/,https://liquipedia.net/pokemon/Pokemon_Championships/Regional/San_Diego/2023/VGC,4,queued,broadcast=official (Play! Pokémon / regional Pokémon Company channel) | vods: D1 https://youtu.be/K6qX4cUseTo [Official Pokémon] | sources: https://victoryroad.pro/2023-season-events/ | Day 2 (top cut) VOD not located.
2023-liverpool,event,2023 Pokémon Liverpool Regional Championships,2023-01-21,2023-01-22,sv,SV Reg A,doubles,,,,,,https://www.youtube.com/playlist?list=PLAdxOkXjXrPF02jitRw-cBh2rxp8VJ2pe,,https://victoryroad.pro/2023-liverpool/,https://victoryroad.pro/2023-liverpool/,,4,queued,"broadcast=partner (Victory Road, not a Play! Pokémon channel) | vods: VR playlist https://www.youtube.com/playlist?list=PLAdxOkXjXrPF02jitRw-cBh2rxp8VJ2pe [Victory Road] | sources: https://victoryroad.pro/2023-season-events/ | Stream by Victory Road (""#PlayPokémon"" playlist), not a Play! Pokémon channel."
2023-orlando,event,2023 Pokémon Orlando Regional Championships,2023-02-04,2023-02-05,sv,SV Reg B,doubles,,,,,,https://www.youtube.com/watch?v=tm8x65uRhac,,https://victoryroad.pro/2023-orlando/,https://victoryroad.pro/2023-orlando/,https://liquipedia.net/pokemon/Pokemon_Championships/Regional/Orlando/2023/VGC,4,queued,broadcast=official (Play! Pokémon / regional Pokémon Company channel) | vods: D1 https://youtu.be/JExXkX6Jzy0 [Official Pokémon]; D2 https://youtu.be/tm8x65uRhac [Official Pokémon] | sources: https://victoryroad.pro/2023-season-events/
2023-ocic,event,2023 Pokémon Oceania International Championships (Melbourne),2023-02-17,2023-02-19,sv,SV Reg B,doubles,,,,,,https://www.youtube.com/watch?v=ecuCpa5C-LY,,https://victoryroad.pro/2023-ocic/,https://victoryroad.pro/2023-ocic/,https://liquipedia.net/pokemon/Pokemon_Championships/International/Oceania/2023/VGC,3,queued,broadcast=official (Play! Pokémon / regional Pokémon Company channel) | vods: D1 https://youtu.be/GSqaioi1zLM [Official Pokémon]; D2 https://youtu.be/ecuCpa5C-LY [Official Pokémon]; Sun https://youtu.be/wqo1ZqBFquw [Official Pokémon] | sources: https://victoryroad.pro/2023-season-events/
2023-bochum,event,2023 Pokémon Bochum Regional Championships,2023-02-25,2023-02-26,sv,SV Reg B,doubles,,,,,,https://www.youtube.com/playlist?list=PLAdxOkXjXrPEM5dn1b9vLI8EobugOykLK,,https://victoryroad.pro/2023-bochum/,https://victoryroad.pro/2023-bochum/,,4,queued,"broadcast=partner (Victory Road, not a Play! Pokémon channel) | vods: VR playlist https://www.youtube.com/playlist?list=PLAdxOkXjXrPEM5dn1b9vLI8EobugOykLK [Victory Road] | sources: https://victoryroad.pro/2023-season-events/ | Stream by Victory Road (""#PlayPokémon"" playlist), not a Play! Pokémon channel."
2023-knoxville,event,2023 Pokémon Knoxville Regional Championships,2023-02-25,2023-02-26,sv,SV Reg B,doubles,,,,,,https://www.youtube.com/watch?v=IH4nCTJRXho,,https://victoryroad.pro/2023-knoxville/,https://victoryroad.pro/2023-knoxville/,,4,queued,broadcast=official (Play! Pokémon / regional Pokémon Company channel) | vods: D1 https://youtu.be/jq1QmzpyGwM [Official Pokémon]; D2 https://youtu.be/IH4nCTJRXho [Official Pokémon] | sources: https://victoryroad.pro/2023-season-events/
2023-vancouver,event,2023 Pokémon Vancouver Regional Championships,2023-03-11,2023-03-12,sv,SV Reg B,doubles,,,,,,https://www.youtube.com/watch?v=5-sVhpmtjHo,,https://victoryroad.pro/2023-vancouver/,https://victoryroad.pro/2023-vancouver/,https://liquipedia.net/pokemon/Pokemon_Championships/Regional/Vancouver/2023/VGC,4,queued,broadcast=official (Play! Pokémon / regional Pokémon Company channel) | vods: D1 https://youtu.be/S6qpToqAWyA [Official Pokémon]; D2 https://youtu.be/5-sVhpmtjHo [Official Pokémon] | sources: https://victoryroad.pro/2023-season-events/
2023-utrecht,event,2023 Pokémon Utrecht Special Event,2023-03-18,2023-03-19,sv,SV Reg B,doubles,,,,,,https://www.youtube.com/watch?v=oWQD873VJOQ,,https://victoryroad.pro/2023-utrecht/,https://victoryroad.pro/2023-utrecht/,,4,queued,"broadcast=partner (Victory Road, not a Play! Pokémon channel) | vods: D2 https://youtu.be/oWQD873VJOQ [Victory Road] | sources: https://victoryroad.pro/2023-season-events/ | VOD uploaded by Victory Road (""VG Day 2 | 2023 Pokémon Utrecht Special Event""), not a Play! Pokémon channel."
2023-charlotte,event,2023 Pokémon Charlotte Regional Championships,2023-03-25,2023-03-26,sv,SV Reg B,doubles,,,,,,https://www.youtube.com/watch?v=vk4dk1LsL4Y,,https://victoryroad.pro/2023-charlotte/,https://victoryroad.pro/2023-charlotte/,,4,queued,broadcast=official (Play! Pokémon / regional Pokémon Company channel) | vods: D1 https://youtu.be/KsSVzkHc57Y [Official Pokémon]; D2 https://youtu.be/vk4dk1LsL4Y [Official Pokémon] | sources: https://victoryroad.pro/2023-season-events/
2023-fort-wayne,event,2023 Pokémon Fort Wayne Regional Championships,2023-04-01,2023-04-02,sv,SV Reg C,doubles,,,,,,https://www.youtube.com/watch?v=aR2_eFSWTU4,,https://victoryroad.pro/2023-fort-wayne/,https://victoryroad.pro/2023-fort-wayne/,,4,queued,broadcast=official (Play! Pokémon / regional Pokémon Company channel) | vods: D2 https://youtu.be/aR2_eFSWTU4 [Official Pokémon] | sources: https://victoryroad.pro/2023-season-events/
2023-euic,event,2023 Pokémon Europe International Championships (London),2023-04-14,2023-04-16,sv,SV Reg C,doubles,,,,,,https://www.youtube.com/watch?v=sgDUFeRS02M,,https://victoryroad.pro/2023-euic/,https://victoryroad.pro/2023-euic/,https://liquipedia.net/pokemon/Pokemon_Championships/International/Europe/2023/VGC,3,queued,broadcast=official (Play! Pokémon / regional Pokémon Company channel) | vods: D1 https://youtu.be/3-TEIxB4uXg [Official Pokémon]; D2 https://youtu.be/sgDUFeRS02M [Official Pokémon] | sources: https://victoryroad.pro/2023-season-events/ | Championship Sunday VOD not located.
2023-portland,event,2023 Pokémon Portland Regional Championships,2023-05-06,2023-05-07,sv,SV Reg C,doubles,,,,,,https://www.youtube.com/watch?v=nGCzI4tvYWA,,https://victoryroad.pro/2023-portland/,https://victoryroad.pro/2023-portland/,,4,queued,broadcast=official (Play! Pokémon / regional Pokémon Company channel) | vods: D2 https://youtu.be/nGCzI4tvYWA [Official Pokémon] | sources: https://victoryroad.pro/2023-season-events/
2023-hartford,event,2023 Pokémon Hartford Regional Championships,2023-05-20,2023-05-21,sv,SV Reg C,doubles,,,,,,https://www.youtube.com/watch?v=8TRwv0-dyso,,https://victoryroad.pro/2023-hartford/,https://victoryroad.pro/2023-hartford/,https://liquipedia.net/pokemon/Pokemon_Championships/Regional/Hartford/2023/VGC,4,queued,broadcast=official (Play! Pokémon / regional Pokémon Company channel) | vods: D1 https://youtu.be/8TRwv0-dyso [Official Pokémon] | sources: https://victoryroad.pro/2023-season-events/ | Day 2 (top cut) VOD not located.
2023-malmo,event,2023 Pokémon Malmö Regional Championships,2023-05-20,2023-05-21,sv,SV Reg C,doubles,,,,,,https://www.youtube.com/playlist?list=PLAdxOkXjXrPE1BKYuREHyG_PwNdUN6tUm,,https://victoryroad.pro/2023-malmo/,https://victoryroad.pro/2023-malmo/,,4,queued,"broadcast=partner (Victory Road, not a Play! Pokémon channel) | vods: VR playlist https://www.youtube.com/playlist?list=PLAdxOkXjXrPE1BKYuREHyG_PwNdUN6tUm [Victory Road] | sources: https://victoryroad.pro/2023-season-events/ | Stream by Victory Road (""#PlayPokémon"" playlist), not a Play! Pokémon channel."
2023-milwaukee,event,2023 Pokémon Milwaukee Regional Championships,2023-06-03,2023-06-04,sv,SV Reg C,doubles,,,,,,https://www.youtube.com/watch?v=YJgcVxNdz4o,,https://victoryroad.pro/2023-milwaukee/,https://victoryroad.pro/2023-milwaukee/,https://liquipedia.net/pokemon/Pokemon_Championships/Regional/Milwaukee/2023/VGC,4,queued,broadcast=official (Play! Pokémon / regional Pokémon Company channel) | vods: D1 https://youtu.be/Uq31_2SEBvs [Official Pokémon]; D2 https://youtu.be/YJgcVxNdz4o [Official Pokémon] | sources: https://victoryroad.pro/2023-season-events/
2023-turin,event,2023 Pokémon Turin Special Event,2023-06-03,2023-06-04,sv,SV Reg C,doubles,,,,,,https://www.youtube.com/playlist?list=PLAdxOkXjXrPHKhZ3CoYOJ2O5QdUDcC1bN,,https://victoryroad.pro/2023-turin/,https://victoryroad.pro/2023-turin/,,4,queued,"broadcast=partner (Victory Road, not a Play! Pokémon channel) | vods: VR playlist https://www.youtube.com/playlist?list=PLAdxOkXjXrPHKhZ3CoYOJ2O5QdUDcC1bN [Victory Road] | sources: https://victoryroad.pro/2023-season-events/ | Stream by Victory Road (""#PlayPokémon"" playlist), not a Play! Pokémon channel."
2023-fresno,event,2023 Pokémon Fresno Regional Championships,2023-06-10,2023-06-11,sv,SV Reg C,doubles,,,,,,https://www.youtube.com/watch?v=3vUVL1aktQk,,https://victoryroad.pro/2023-fresno/,https://victoryroad.pro/2023-fresno/,https://liquipedia.net/pokemon/Pokemon_Championships/Regional/Fresno/2023/VGC,4,queued,broadcast=official (Play! Pokémon / regional Pokémon Company channel) | vods: D2 https://youtu.be/3vUVL1aktQk [Official Pokémon] | sources: https://victoryroad.pro/2023-season-events/
2023-japan,event,Pokémon Japan Championships 2023 (game division),2023-06-10,2023-06-11,sv,SV Reg C,doubles,,,,,,https://www.youtube.com/watch?v=2Gtzvi-DXHE,,https://victoryroad.pro/2023-japan/,https://victoryroad.pro/2023-japan/,https://liquipedia.net/pokemon/Pokemon_Championships/National/Japan/2023/VGC,4,queued,broadcast=official (Play! Pokémon / regional Pokémon Company channel) | vods: D2 https://youtu.be/2Gtzvi-DXHE [Pokémon JP official] | sources: https://victoryroad.pro/2023-season-events/ | Japanese-language broadcast.
2023-naic,event,2023 Pokémon North America International Championships (Columbus),2023-06-30,2023-07-02,sv,SV Reg C,doubles,,,,,,https://www.youtube.com/watch?v=M8IK0JVRlWQ,,https://victoryroad.pro/2023-naic/,https://victoryroad.pro/2023-naic/,https://liquipedia.net/pokemon/Pokemon_Championships/International/North_America/2023/VGC,3,queued,broadcast=official (Play! Pokémon / regional Pokémon Company channel) | vods: D1 https://youtu.be/1Qb19JvI2Sg [Official Pokémon]; D2 https://youtu.be/M8IK0JVRlWQ [Official Pokémon]; Sun https://youtu.be/ciou1z0a97g [Official Pokémon] | sources: https://victoryroad.pro/2023-season-events/
2023-worlds,event,"2023 Pokémon World Championships (VGC, Yokohama)",2023-08-11,2023-08-13,sv,SV Reg D,doubles,,,,,,https://www.youtube.com/watch?v=UlhfECdgXEI,,https://victoryroad.pro/2023-worlds/,https://victoryroad.pro/2023-worlds/,https://liquipedia.net/pokemon/Pokemon_Championships/Worlds/2023/VGC,2,queued,broadcast=official (Play! Pokémon / regional Pokémon Company channel) | vods: D1 https://youtu.be/SL9DwzrqJz8 [Official Pokémon]; D2 https://youtu.be/UlhfECdgXEI [Official Pokémon]; Sun https://youtu.be/gE0JqjVllsM [Official Pokémon]; Masters final https://youtu.be/FY5_IwwuCiE [Official Pokémon]; Masters top 4 (Harada v Kimura) https://youtu.be/bWKyubp21dw [Official Pokémon]; ASIA Day 1 https://youtu.be/KAIs9zNmOlE [Pokémon Asia ENG]; ASIA Finals Day https://youtu.be/qlCfRQj-BgY [Pokémon Asia ENG] | sources: https://victoryroad.pro/2023-season-events/
2024-pittsburgh,event,2024 Pokémon Pittsburgh Regional Championships,2023-09-09,2023-09-10,sv,SV Reg D,doubles,,,,,,https://www.youtube.com/watch?v=KGXHoRsG3t4,,https://victoryroad.pro/2024-pittsburgh/,https://victoryroad.pro/2024-pittsburgh/,,4,queued,broadcast=official (Play! Pokémon / regional Pokémon Company channel) | vods: D2 https://youtu.be/KGXHoRsG3t4 [Play Pokémon] | sources: https://victoryroad.pro/2024-season-calendar/
2024-barcelona,event,2024 Pokémon Barcelona Special Event,2023-09-16,2023-09-17,sv,SV Reg D,doubles,,,,,,https://www.youtube.com/watch?v=02s8MvFGU7w,,https://victoryroad.pro/2024-barcelona/,https://victoryroad.pro/2024-barcelona/,,4,queued,broadcast=official (Play! Pokémon / regional Pokémon Company channel) | vods: D2 https://youtu.be/02s8MvFGU7w [Play Pokémon] | sources: https://victoryroad.pro/2024-season-calendar/
2024-peoria,event,2024 Pokémon Peoria Regional Championships,2023-10-07,2023-10-08,sv,SV Reg E,doubles,,,,,,https://www.youtube.com/watch?v=H8hzvdWqMZc,,https://victoryroad.pro/2024-peoria/,https://victoryroad.pro/2024-peoria/,,4,queued,broadcast=official (Play! Pokémon / regional Pokémon Company channel) | vods: D2 https://youtu.be/H8hzvdWqMZc [Play Pokémon] | sources: https://victoryroad.pro/2024-season-calendar/
2024-sacramento,event,2024 Pokémon Sacramento Regional Championships,2023-10-14,2023-10-15,sv,SV Reg E,doubles,,,,,,https://www.youtube.com/watch?v=oX3ki_YvjQs,,https://victoryroad.pro/2024-sacramento/,https://victoryroad.pro/2024-sacramento/,,4,queued,broadcast=official (Play! Pokémon / regional Pokémon Company channel) | vods: D2 https://youtu.be/oX3ki_YvjQs [Play Pokémon] | sources: https://victoryroad.pro/2024-season-calendar/
2024-lille,event,2024 Pokémon Lille Regional Championships,2023-10-21,2023-10-22,sv,SV Reg E,doubles,,,,,,https://www.youtube.com/watch?v=x1YANhp0GgA,,https://victoryroad.pro/2024-lille/,https://victoryroad.pro/2024-lille/,,4,queued,broadcast=official (Play! Pokémon / regional Pokémon Company channel) | vods: D2 https://youtu.be/x1YANhp0GgA [Play Pokémon] | sources: https://victoryroad.pro/2024-season-calendar/
2024-toronto,event,2024 Pokémon Toronto Regional Championships,2023-10-28,2023-10-29,sv,SV Reg E,doubles,,,,,,https://www.youtube.com/watch?v=1xL2caP1bug,,https://victoryroad.pro/2024-toronto/,https://victoryroad.pro/2024-toronto/,https://liquipedia.net/pokemon/Pokemon_Championships/Regional/Toronto/2024/VGC,4,queued,broadcast=official (Play! Pokémon / regional Pokémon Company channel) | vods: D2 https://youtu.be/1xL2caP1bug [Play Pokémon] | sources: https://victoryroad.pro/2024-season-calendar/
2024-laic,event,2024 Pokémon Latin America International Championships (São Paulo),2023-11-17,2023-11-19,sv,SV Reg E,doubles,,,,,,https://www.youtube.com/watch?v=yrbgyEYDHYM,,https://victoryroad.pro/2024-laic/,https://victoryroad.pro/2024-laic/,https://liquipedia.net/pokemon/Pokemon_Championships/International/Latin_America/2024/VGC,3,queued,broadcast=official (Play! Pokémon / regional Pokémon Company channel) | vods: D1 https://youtu.be/nzqXVyeUg5s [Play Pokémon]; D2 https://youtu.be/yrbgyEYDHYM [Play Pokémon]; Sun https://youtu.be/4IORXgJo5Kc [Play Pokémon] | sources: https://victoryroad.pro/2024-season-calendar/
2024-gdansk,event,2024 Pokémon Gdańsk Regional Championships,2023-11-25,2023-11-26,sv,SV Reg E,doubles,,,,,,https://www.youtube.com/watch?v=_EcvhrnDXBM,,https://victoryroad.pro/2024-gdansk/,https://victoryroad.pro/2024-gdansk/,,4,queued,broadcast=official (Play! Pokémon / regional Pokémon Company channel) | vods: D2 https://youtu.be/_EcvhrnDXBM [Play Pokémon] | sources: https://victoryroad.pro/2024-season-calendar/
2024-stuttgart,event,2024 Pokémon Stuttgart Regional Championships,2023-12-09,2023-12-10,sv,SV Reg E,doubles,,,,,,https://www.youtube.com/watch?v=tPAJXhwJxs8,,https://victoryroad.pro/2024-stuttgart/,https://victoryroad.pro/2024-stuttgart/,https://liquipedia.net/pokemon/Pokemon_Championships/Regional/Stuttgart/2024/VGC,4,queued,broadcast=official (Play! Pokémon / regional Pokémon Company channel) | vods: D2 https://youtu.be/tPAJXhwJxs8 [Play Pokémon] | sources: https://victoryroad.pro/2024-season-calendar/
2024-san-antonio,event,2024 Pokémon San Antonio Regional Championships,2023-12-16,2023-12-17,sv,SV Reg E,doubles,,,,,,https://www.youtube.com/watch?v=CbVw0C1u1lE,,https://victoryroad.pro/2024-san-antonio/,https://victoryroad.pro/2024-san-antonio/,,4,queued,broadcast=official (Play! Pokémon / regional Pokémon Company channel) | vods: D2 https://youtu.be/CbVw0C1u1lE [Play Pokémon] | sources: https://victoryroad.pro/2024-season-calendar/
2024-portland,event,2024 Pokémon Portland Regional Championships,2024-01-06,2024-01-07,sv,SV Reg F,doubles,,,,,,https://www.youtube.com/watch?v=xTEroVUbh9o,,https://victoryroad.pro/2024-portland/,https://victoryroad.pro/2024-portland/,https://liquipedia.net/pokemon/Pokemon_Championships/Regional/Portland/2024/VGC,4,queued,broadcast=official (Play! Pokémon / regional Pokémon Company channel) | vods: D2 https://youtu.be/xTEroVUbh9o [Play Pokémon] | sources: https://victoryroad.pro/2024-season-calendar/
2024-charlotte,event,2024 Pokémon Charlotte Regional Championships,2024-01-20,2024-01-21,sv,SV Reg F,doubles,,,,,,https://www.youtube.com/watch?v=yX2vpPXNGDY,,https://victoryroad.pro/2024-charlotte/,https://victoryroad.pro/2024-charlotte/,https://liquipedia.net/pokemon/Pokemon_Championships/Regional/Charlotte/2024/VGC,4,queued,broadcast=official (Play! Pokémon / regional Pokémon Company channel) | vods: D2 https://youtu.be/yX2vpPXNGDY [Play Pokémon] | sources: https://victoryroad.pro/2024-season-calendar/
2024-liverpool,event,2024 Pokémon Liverpool Regional Championships,2024-01-27,2024-01-28,sv,SV Reg F,doubles,,,,,,https://www.youtube.com/watch?v=a2vnamFjGcY,,https://victoryroad.pro/2024-liverpool/,https://victoryroad.pro/2024-liverpool/,,4,queued,broadcast=official (Play! Pokémon / regional Pokémon Company channel) | vods: D1 https://youtu.be/_TBqM4jwnOc [Play Pokémon]; D2 https://youtu.be/a2vnamFjGcY [Play Pokémon] | sources: https://victoryroad.pro/2024-season-calendar/
2024-knoxville,event,2024 Pokémon Knoxville Regional Championships,2024-02-03,2024-02-04,sv,SV Reg F,doubles,,,,,,https://www.youtube.com/watch?v=rg3yvnVcZik,,https://victoryroad.pro/2024-knoxville/,https://victoryroad.pro/2024-knoxville/,,4,queued,broadcast=official (Play! Pokémon / regional Pokémon Company channel) | vods: D2 https://youtu.be/rg3yvnVcZik [Play Pokémon] | sources: https://victoryroad.pro/2024-season-calendar/
2024-dortmund,event,2024 Pokémon Dortmund Regional Championships,2024-02-10,2024-02-11,sv,SV Reg F,doubles,,,,,,https://www.youtube.com/watch?v=JUDUfCH5gbw,,https://victoryroad.pro/2024-dortmund/,https://victoryroad.pro/2024-dortmund/,https://liquipedia.net/pokemon/Pokemon_Championships/Regional/Dortmund/2024/VGC,4,queued,broadcast=official (Play! Pokémon / regional Pokémon Company channel) | vods: D2 https://youtu.be/JUDUfCH5gbw [Play Pokémon] | sources: https://victoryroad.pro/2024-season-calendar/
2024-utrecht,event,2024 Pokémon Utrecht Special Event,2024-03-02,2024-03-03,sv,SV Reg F,doubles,,,,,,https://www.youtube.com/watch?v=Q-NDP4JSSJ0,,https://victoryroad.pro/2024-utrecht/,https://victoryroad.pro/2024-utrecht/,,4,queued,broadcast=official (Play! Pokémon / regional Pokémon Company channel) | vods: D2 https://youtu.be/Q-NDP4JSSJ0 [Play Pokémon] | sources: https://victoryroad.pro/2024-season-calendar/
2024-vancouver,event,2024 Pokémon Vancouver Regional Championships,2024-03-23,2024-03-24,sv,SV Reg F,doubles,,,,,,https://www.youtube.com/watch?v=F6Sv__jrBME,,https://victoryroad.pro/2024-vancouver/,https://victoryroad.pro/2024-vancouver/,https://liquipedia.net/pokemon/Pokemon_Championships/Regional/Vancouver/2024/VGC,4,queued,broadcast=official (Play! Pokémon / regional Pokémon Company channel) | vods: D2 https://youtu.be/F6Sv__jrBME [Play Pokémon] | sources: https://victoryroad.pro/2024-season-calendar/
2024-euic,event,2024 Pokémon Europe International Championships (London),2024-04-05,2024-04-07,sv,SV Reg F,doubles,,,,,,https://www.youtube.com/watch?v=x2gJ99iNKnM,,https://victoryroad.pro/2024-euic/,https://victoryroad.pro/2024-euic/,https://liquipedia.net/pokemon/Pokemon_Championships/International/Europe/2024/VGC,3,queued,broadcast=official (Play! Pokémon / regional Pokémon Company channel) | vods: D1 https://youtu.be/Aqe7NmBp0s8 [Play Pokémon]; D2 https://youtu.be/x2gJ99iNKnM [Play Pokémon] | sources: https://victoryroad.pro/2024-season-calendar/ | Championship Sunday VOD not located.
2024-orlando,event,2024 Pokémon Orlando Regional Championships,2024-04-13,2024-04-14,sv,SV Reg F,doubles,,,,,,https://www.youtube.com/watch?v=qiCMGX2ngPc,,https://victoryroad.pro/2024-orlando/,https://victoryroad.pro/2024-orlando/,https://liquipedia.net/pokemon/Pokemon_Championships/Regional/Orlando/2024/VGC,4,queued,broadcast=official (Play! Pokémon / regional Pokémon Company channel) | vods: D2 https://youtu.be/qiCMGX2ngPc [Play Pokémon] | sources: https://victoryroad.pro/2024-season-calendar/
2024-indianapolis,event,2024 Pokémon Indianapolis Regional Championships,2024-05-04,2024-05-05,sv,SV Reg G,doubles,,,,,,https://www.youtube.com/watch?v=2OuTpm9qEsA,,https://victoryroad.pro/2024-indianapolis/,https://victoryroad.pro/2024-indianapolis/,,4,queued,broadcast=official (Play! Pokémon / regional Pokémon Company channel) | vods: D2 https://youtu.be/2OuTpm9qEsA [Play Pokémon] | sources: https://victoryroad.pro/2024-season-calendar/
2024-korea,event,Pokémon Trainers Cup 2024 Final Round (Korea),2024-05-05,2024-05-06,sv,SV Reg F,doubles,,,,,,https://www.youtube.com/watch?v=RhXVBWvLV4U,,https://victoryroad.pro/2024-korea/,https://victoryroad.pro/2024-korea/,,4,queued,broadcast=official (Play! Pokémon / regional Pokémon Company channel) | vods: Masters https://youtu.be/RhXVBWvLV4U [Pokémon Korea official] | sources: https://victoryroad.pro/2024-season-calendar/ | Korean-language broadcast (Pokémon Korea).
2024-stockholm,event,2024 Pokémon Stockholm Regional Championships,2024-05-11,2024-05-12,sv,SV Reg G,doubles,,,,,,https://www.youtube.com/watch?v=hIgkYi-y0As,,https://victoryroad.pro/2024-stockholm/,https://victoryroad.pro/2024-stockholm/,,4,queued,broadcast=official (Play! Pokémon / regional Pokémon Company channel) | vods: D2 https://youtu.be/hIgkYi-y0As [Play Pokémon] | sources: https://victoryroad.pro/2024-season-calendar/
2024-los-angeles,event,2024 Pokémon Los Angeles Regional Championships,2024-05-25,2024-05-26,sv,SV Reg G,doubles,,,,,,https://www.youtube.com/watch?v=kOX7xmJb2V0,,https://victoryroad.pro/2024-los-angeles/,https://victoryroad.pro/2024-los-angeles/,https://liquipedia.net/pokemon/Pokemon_Championships/Regional/Los_Angeles/2024/VGC,4,queued,broadcast=official (Play! Pokémon / regional Pokémon Company channel) | vods: D2 https://youtu.be/kOX7xmJb2V0 [Play Pokémon] | sources: https://victoryroad.pro/2024-season-calendar/
2024-bologna,event,2024 Pokémon Bologna Special Event,2024-06-01,2024-06-02,sv,SV Reg G,doubles,,,,,,https://www.youtube.com/watch?v=VO2AYYde0Rg,,https://victoryroad.pro/2024-bologna/,https://victoryroad.pro/2024-bologna/,,4,queued,broadcast=official (Play! Pokémon / regional Pokémon Company channel) | vods: D2 https://youtu.be/VO2AYYde0Rg [Play Pokémon] | sources: https://victoryroad.pro/2024-season-calendar/
2024-japan,event,Pokémon Japan Championships 2024 (game division),2024-06-01,2024-06-02,sv,SV Reg G,doubles,,,,,,https://www.youtube.com/watch?v=Wi1AxKP81k0,,https://victoryroad.pro/2024-japan/,https://victoryroad.pro/2024-japan/,https://liquipedia.net/pokemon/Pokemon_Championships/National/Japan/2024/VGC,4,queued,broadcast=official (Play! Pokémon / regional Pokémon Company channel) | vods: D1 https://youtu.be/5bWB3-gbG9U [Pokémon JP official]; D2 https://youtu.be/Wi1AxKP81k0 [Pokémon JP official] | sources: https://victoryroad.pro/2024-season-calendar/ | Japanese-language broadcast.
2024-naic,event,2024 Pokémon North America International Championships (New Orleans),2024-06-07,2024-06-09,sv,SV Reg G,doubles,,,,,,https://www.youtube.com/watch?v=CiGLGAGfkkg,,https://victoryroad.pro/2024-naic/,https://victoryroad.pro/2024-naic/,https://liquipedia.net/pokemon/Pokemon_Championships/International/North_America/2024/VGC,3,queued,broadcast=official (Play! Pokémon / regional Pokémon Company channel) | vods: D1 https://youtu.be/I3ucFMUvEBY [Play Pokémon]; D2 https://youtu.be/CiGLGAGfkkg [Play Pokémon]; Sun https://youtu.be/WPREQd_mU_0 [Play Pokémon] | sources: https://victoryroad.pro/2024-season-calendar/
2024-worlds,event,"2024 Pokémon World Championships (VGC, Honolulu)",2024-08-16,2024-08-18,sv,SV Reg G,doubles,,,,,,https://www.youtube.com/watch?v=H_4E9w3cjK4,,https://victoryroad.pro/2024-worlds/,https://victoryroad.pro/2024-worlds/,https://liquipedia.net/pokemon/Pokemon_Championships/Worlds/2024/VGC,2,queued,"broadcast=official (Play! Pokémon / regional Pokémon Company channel) | vods: D1 https://youtu.be/dC6sOnBuu2I [Play Pokémon]; D2 https://youtu.be/H_4E9w3cjK4 [Play Pokémon]; Masters final https://youtu.be/jNnRJGnD8Hg [Play Pokémon] | sources: https://victoryroad.pro/2024-season-calendar/ | Championship Sunday VOD candidate https://youtu.be/M-tQC1AFomU (title from search result; oEmbed returned 403, so unverified)."
2025-baltimore,event,2025 Pokémon Baltimore Regional Championships,2024-09-14,2024-09-15,sv,SV Reg H,doubles,,,,,,https://www.youtube.com/watch?v=2KQIeDqlT-U,,https://victoryroad.pro/2025-baltimore/,https://victoryroad.pro/2025-baltimore/,https://liquipedia.net/pokemon/Pokemon_Championships/Regional/Baltimore/2025/VGC,4,queued,broadcast=official (Play! Pokémon / regional Pokémon Company channel) | vods: D2 https://youtu.be/2KQIeDqlT-U [Play Pokémon] | sources: https://victoryroad.pro/2025-season-calendar/
2025-dortmund,event,2025 Pokémon Dortmund Regional Championships,2024-09-28,2024-09-29,sv,SV Reg H,doubles,,,,,,https://www.youtube.com/watch?v=kLozrhzrCn4,,https://victoryroad.pro/2025-dortmund/,https://victoryroad.pro/2025-dortmund/,https://liquipedia.net/pokemon/Pokemon_Championships/Regional/Dortmund/2025/VGC,4,queued,broadcast=official (Play! Pokémon / regional Pokémon Company channel) | vods: D2 https://youtu.be/kLozrhzrCn4 [Play Pokémon] | sources: https://victoryroad.pro/2025-season-calendar/
2025-louisville,event,2025 Pokémon Louisville Regional Championships,2024-10-12,2024-10-13,sv,SV Reg H,doubles,,,,,,https://www.youtube.com/watch?v=bqR70nXHJ8M,,https://victoryroad.pro/2025-louisville/,https://victoryroad.pro/2025-louisville/,https://liquipedia.net/pokemon/Pokemon_Championships/Regional/Louisville/2025/VGC,4,queued,broadcast=official (Play! Pokémon / regional Pokémon Company channel) | vods: D2 https://youtu.be/bqR70nXHJ8M [Play Pokémon] | sources: https://victoryroad.pro/2025-season-calendar/
2025-lille,event,2025 Pokémon Lille Regional Championships,2024-10-19,2024-10-20,sv,SV Reg H,doubles,,,,,,https://www.youtube.com/watch?v=DTijkIFyYcE,,https://victoryroad.pro/2025-lille/,https://victoryroad.pro/2025-lille/,https://liquipedia.net/pokemon/Pokemon_Championships/Regional/Lille/2025/VGC,4,queued,broadcast=official (Play! Pokémon / regional Pokémon Company channel) | vods: D1 https://youtu.be/mLUYir2y9zc [Play Pokémon]; D2 https://youtu.be/DTijkIFyYcE [Play Pokémon] | sources: https://victoryroad.pro/2025-season-calendar/
2025-gdansk,event,2025 Pokémon Gdańsk Regional Championships,2024-11-02,2024-11-03,sv,SV Reg H,doubles,,,,,,https://www.youtube.com/watch?v=t-_UotD0JI8,,https://victoryroad.pro/2025-gdansk/,https://victoryroad.pro/2025-gdansk/,,4,queued,broadcast=official (Play! Pokémon / regional Pokémon Company channel) | vods: D2 https://youtu.be/t-_UotD0JI8 [Play Pokémon] | sources: https://victoryroad.pro/2025-season-calendar/
2025-laic,event,2025 Pokémon Latin America International Championships (São Paulo),2024-11-15,2024-11-17,sv,SV Reg H,doubles,,,,,,https://www.youtube.com/watch?v=d347l-uNOCE,,https://victoryroad.pro/2025-laic/,https://victoryroad.pro/2025-laic/,https://liquipedia.net/pokemon/Pokemon_Championships/International/Latin_America/2025/VGC,3,queued,broadcast=official (Play! Pokémon / regional Pokémon Company channel) | vods: D1 https://youtu.be/QYJvYA01Iho [Play Pokémon]; D2 https://youtu.be/d347l-uNOCE [Play Pokémon] | sources: https://victoryroad.pro/2025-season-calendar/ | Championship Sunday VOD not located.
2025-sacramento,event,2025 Pokémon Sacramento Regional Championships,2024-11-23,2024-11-24,sv,SV Reg H,doubles,,,,,,https://www.youtube.com/watch?v=mYXrygo3OT4,,https://victoryroad.pro/2025-sacramento/,https://victoryroad.pro/2025-sacramento/,https://liquipedia.net/pokemon/Pokemon_Championships/Regional/Sacramento/2025/VGC,4,queued,broadcast=official (Play! Pokémon / regional Pokémon Company channel) | vods: D2 https://youtu.be/mYXrygo3OT4 [Play Pokémon] | sources: https://victoryroad.pro/2025-season-calendar/
2025-stuttgart,event,2025 Pokémon Stuttgart Regional Championships,2024-11-30,2024-12-01,sv,SV Reg H,doubles,,,,,,https://www.youtube.com/watch?v=Z6ZGiG6S2x8,,https://victoryroad.pro/2025-stuttgart/,https://victoryroad.pro/2025-stuttgart/,,4,queued,broadcast=official (Play! Pokémon / regional Pokémon Company channel) | vods: D2 https://youtu.be/Z6ZGiG6S2x8 [Play Pokémon] | sources: https://victoryroad.pro/2025-season-calendar/
2025-toronto,event,2025 Pokémon Toronto Regional Championships,2024-12-14,2024-12-15,sv,SV Reg H,doubles,,,,,,https://www.youtube.com/watch?v=dojxG7mWHG8,,https://victoryroad.pro/2025-toronto/,https://victoryroad.pro/2025-toronto/,https://liquipedia.net/pokemon/Pokemon_Championships/Regional/Toronto/2025/VGC,4,queued,broadcast=official (Play! Pokémon / regional Pokémon Company channel) | vods: D2 https://youtu.be/dojxG7mWHG8 [Play Pokémon] | sources: https://victoryroad.pro/2025-season-calendar/
2025-birmingham,event,2025 Pokémon Birmingham Regional Championships,2025-01-18,2025-01-19,sv,SV Reg G,doubles,,,,,,https://www.youtube.com/watch?v=mllCZzSSRew,,https://victoryroad.pro/2025-birmingham/,https://victoryroad.pro/2025-birmingham/,https://liquipedia.net/pokemon/Pokemon_Championships/Regional/Birmingham/2025/VGC,4,queued,broadcast=official (Play! Pokémon / regional Pokémon Company channel) | vods: D2 https://youtu.be/mllCZzSSRew [Play Pokémon] | sources: https://victoryroad.pro/2025-season-calendar/
2025-san-antonio,event,2025 Pokémon San Antonio Regional Championships,2025-01-25,2025-01-26,sv,SV Reg G,doubles,,,,,,https://www.youtube.com/watch?v=qVinq39WGbY,,https://victoryroad.pro/2025-san-antonio/,https://victoryroad.pro/2025-san-antonio/,https://liquipedia.net/pokemon/Pokemon_Championships/Regional/San_Antonio/2025/VGC,4,queued,broadcast=official (Play! Pokémon / regional Pokémon Company channel) | vods: D2 https://youtu.be/qVinq39WGbY [Play Pokémon] | sources: https://victoryroad.pro/2025-season-calendar/
2025-euic,event,2025 Pokémon Europe International Championships (London),2025-02-21,2025-02-23,sv,SV Reg G,doubles,,,,,,https://www.youtube.com/watch?v=uPwAnRgEQns,,https://victoryroad.pro/2025-euic/,https://victoryroad.pro/2025-euic/,https://liquipedia.net/pokemon/Pokemon_Championships/International/Europe/2025/VGC,3,queued,broadcast=official (Play! Pokémon / regional Pokémon Company channel) | vods: D1 https://youtu.be/2afOI-8tcxg [Play Pokémon]; D2 https://youtu.be/uPwAnRgEQns [Play Pokémon] | sources: https://victoryroad.pro/2025-season-calendar/ | Championship Sunday VOD not located.
2025-vancouver,event,2025 Pokémon Vancouver Regional Championships,2025-03-08,2025-03-09,sv,SV Reg G,doubles,,,,,,https://www.youtube.com/watch?v=Rp4hT7WhGp8,,https://victoryroad.pro/2025-vancouver/,https://victoryroad.pro/2025-vancouver/,https://liquipedia.net/pokemon/Pokemon_Championships/Regional/Vancouver/2025/VGC,4,queued,broadcast=official (Play! Pokémon / regional Pokémon Company channel) | vods: D1 https://youtu.be/hlg-Y5OuIi0 [Play Pokémon]; D2 https://youtu.be/Rp4hT7WhGp8 [Play Pokémon] | sources: https://victoryroad.pro/2025-season-calendar/
2025-stockholm,event,2025 Pokémon Stockholm Regional Championships,2025-03-22,2025-03-23,sv,SV Reg G,doubles,,,,,,https://www.youtube.com/watch?v=IihSjTj7iG0,,https://victoryroad.pro/2025-stockholm/,https://victoryroad.pro/2025-stockholm/,https://liquipedia.net/pokemon/Pokemon_Championships/Regional/Stockholm/2025/VGC,4,queued,broadcast=official (Play! Pokémon / regional Pokémon Company channel) | vods: D2 https://youtu.be/IihSjTj7iG0 [Play Pokémon] | sources: https://victoryroad.pro/2025-season-calendar/
2025-atlanta,event,2025 Pokémon Atlanta Regional Championships,2025-04-12,2025-04-13,sv,SV Reg G,doubles,,,,,,https://www.youtube.com/watch?v=Rwm2OK8y-vI,,https://victoryroad.pro/2025-atlanta/,https://victoryroad.pro/2025-atlanta/,https://liquipedia.net/pokemon/Pokemon_Championships/Regional/Atlanta/2025/VGC,4,queued,broadcast=official (Play! Pokémon / regional Pokémon Company channel) | vods: D2 https://youtu.be/Rwm2OK8y-vI [Official Pokémon] | sources: https://victoryroad.pro/2025-season-calendar/
2025-seville,event,2025 Pokémon Seville Special Championships,2025-04-26,2025-04-27,sv,SV Reg G,doubles,,,,,,https://www.youtube.com/watch?v=7RGKVbYOB5Y,,https://victoryroad.pro/2025-seville/,https://victoryroad.pro/2025-seville/,https://liquipedia.net/pokemon/Pokemon_Championships/Special_Event/Seville/2025/VGC,4,queued,broadcast=official (Play! Pokémon / regional Pokémon Company channel) | vods: D1 https://youtu.be/6QOnWraimI8 [Official Pokémon]; D2 https://youtu.be/7RGKVbYOB5Y [Official Pokémon] | sources: https://victoryroad.pro/2025-season-calendar/
2025-milwaukee,event,2025 Pokémon Milwaukee Regional Championships,2025-05-03,2025-05-04,sv,SV Reg I,doubles,,,,,,https://www.youtube.com/watch?v=S1SdqSq39ow,,https://victoryroad.pro/2025-milwaukee/,https://victoryroad.pro/2025-milwaukee/,https://liquipedia.net/pokemon/Pokemon_Championships/Regional/Milwaukee/2025/VGC,4,queued,broadcast=official (Play! Pokémon / regional Pokémon Company channel) | vods: D1 https://youtu.be/9GtPsuA2k1w [Official Pokémon]; D2 https://youtu.be/S1SdqSq39ow [Official Pokémon] | sources: https://victoryroad.pro/2025-season-calendar/
2025-melbourne,event,2025 Pokémon Melbourne Regional Championships,2025-05-17,2025-05-18,sv,SV Reg I,doubles,,,,,,https://www.youtube.com/watch?v=3593gbqIHZ4,,https://victoryroad.pro/2025-melbourne/,https://victoryroad.pro/2025-melbourne/,https://liquipedia.net/pokemon/Pokemon_Championships/Regional/Melbourne/2025/VGC,4,queued,"broadcast=community channel (not official) | vods: D2 https://youtu.be/3593gbqIHZ4 [OCE Pokémon VGC (community)] | sources: https://victoryroad.pro/2025-season-calendar/ | VOD from OCE Pokémon VGC (community channel), not a Play! Pokémon channel."
2025-utrecht,event,2025 Pokémon Utrecht Special Championships,2025-05-17,2025-05-18,sv,SV Reg I,doubles,,,,,,https://www.youtube.com/watch?v=hib0Wlkbgkg,,https://victoryroad.pro/2025-utrecht/,https://victoryroad.pro/2025-utrecht/,https://liquipedia.net/pokemon/Pokemon_Championships/Special_Event/Utrecht/2025/VGC,4,queued,broadcast=official (Play! Pokémon / regional Pokémon Company channel) | vods: D1 https://youtu.be/kj9lgFNuMus [Official Pokémon]; D2 https://youtu.be/hib0Wlkbgkg [Play Pokémon]; D2 mirror https://youtu.be/juQEMRkK47I [Official Pokémon] | sources: https://victoryroad.pro/2025-season-calendar/
2025-portland,event,2025 Pokémon Portland Regional Championships,2025-05-24,2025-05-25,sv,SV Reg I,doubles,,,,,,https://www.youtube.com/watch?v=5flrd_fzFrU,,https://victoryroad.pro/2025-portland/,https://victoryroad.pro/2025-portland/,https://liquipedia.net/pokemon/Pokemon_Championships/Regional/Portland/2025/VGC,4,queued,broadcast=official (Play! Pokémon / regional Pokémon Company channel) | vods: D2 https://youtu.be/5flrd_fzFrU [Official Pokémon] | sources: https://victoryroad.pro/2025-season-calendar/
2025-bologna,event,2025 Pokémon Bologna Special Championships,2025-05-31,2025-06-01,sv,SV Reg I,doubles,,,,,,https://www.youtube.com/watch?v=Sd-O_NZ6wuI,,https://victoryroad.pro/2025-bologna/,https://victoryroad.pro/2025-bologna/,,4,queued,broadcast=official (Play! Pokémon / regional Pokémon Company channel) | vods: D1 https://youtu.be/WLw0XzjvaQY [Official Pokémon]; D2 https://youtu.be/Sd-O_NZ6wuI [Official Pokémon] | sources: https://victoryroad.pro/2025-season-calendar/
2025-korea,event,Pokémon Trainers Cup 2025 Finals (Korea),2025-06-07,2025-06-08,sv,SV Reg I,doubles,,,,,,https://www.youtube.com/watch?v=SQvBJ1f7ig4,,https://victoryroad.pro/2025-korea/,https://victoryroad.pro/2025-korea/,,4,queued,broadcast=official (Play! Pokémon / regional Pokémon Company channel) | vods: Masters https://youtu.be/SQvBJ1f7ig4 [Pokémon Korea official]; Jr/Sr https://youtu.be/xANZItS_RXs [Pokémon Korea official] | sources: https://victoryroad.pro/2025-season-calendar/ | Korean-language broadcast (Pokémon Korea).
2025-naic,event,2025 Pokémon North America International Championships (New Orleans),2025-06-13,2025-06-15,sv,SV Reg I,doubles,,,,,,https://www.youtube.com/watch?v=BJcLPR4fttw,,https://victoryroad.pro/2025-naic/,https://victoryroad.pro/2025-naic/,https://liquipedia.net/pokemon/Pokemon_Championships/International/North_America/2025/VGC,3,queued,broadcast=official (Play! Pokémon / regional Pokémon Company channel) | vods: D1 https://youtu.be/Plgx4HS0hpc [Official Pokémon]; D2 https://youtu.be/BJcLPR4fttw [Official Pokémon]; Sun https://youtu.be/wqdCxnz5Zxw [Official Pokémon] | sources: https://victoryroad.pro/2025-season-calendar/
2025-japan,event,Pokémon Japan Championships 2025 (game division),2025-06-21,2025-06-22,sv,SV Reg I,doubles,,,,,,https://www.youtube.com/watch?v=xqJIzLENB0g,,https://victoryroad.pro/2025-japan/,https://victoryroad.pro/2025-japan/,https://liquipedia.net/pokemon/Pokemon_Championships/National/Japan/2025/VGC,4,queued,broadcast=official (Play! Pokémon / regional Pokémon Company channel) | vods: D1 https://youtu.be/PmEMEvstqJY [Pokémon JP official]; D2 https://youtu.be/xqJIzLENB0g [Pokémon JP official] | sources: https://victoryroad.pro/2025-season-calendar/ | Japanese-language broadcast; playlist https://www.youtube.com/playlist?list=PLBE2D9BnJJUoCZ-41EkZIEupV43lHvdC-
2025-worlds,event,"2025 Pokémon World Championships (VGC, Anaheim)",2025-08-15,2025-08-17,sv,SV Reg I,doubles,,,,,,https://www.youtube.com/watch?v=jKDpSAvIpWI,,https://victoryroad.pro/2025-worlds/,https://victoryroad.pro/2025-worlds/,https://liquipedia.net/pokemon/Pokemon_Championships/Worlds/2025/VGC,2,queued,broadcast=official (Play! Pokémon / regional Pokémon Company channel) | vods: D1 https://youtu.be/ozlMZk4fjQU [Play Pokémon]; D1 mirror https://youtu.be/SKO7DWheOas [Official Pokémon]; D1 feature station https://youtu.be/0qJNwKLKN_0 [Play Pokémon]; D2 https://youtu.be/jKDpSAvIpWI [Play Pokémon]; D2 mirror https://youtu.be/xYob2O1L8lo [Official Pokémon]; Sun https://youtu.be/sdDPo3BpKJo [Play Pokémon]; Sun mirror https://youtu.be/DKQj7KkKzD0 [Official Pokémon]; Masters final https://youtu.be/7QbCWOAuNlQ [Play Pokémon]; VR side stream D1 https://youtu.be/KwxbBZqXtNw [Victory Road] | sources: https://victoryroad.pro/2025-season-calendar/
2026-frankfurt,event,2026 Pokémon Frankfurt Regional Championships,2025-09-13,2025-09-14,sv,SV Reg H,doubles,,,,,,https://www.youtube.com/watch?v=gBRidO_aoJo,,https://standings.limitlessvgc.com/0001/standings,https://rk9.gg/roster/FR02mk9EZ28MWiUNIsTN,https://liquipedia.net/pokemon/Pokemon_Championships/Regional/Frankfurt/2026/VGC,4,queued,"broadcast=official (Play! Pokémon / regional Pokémon Company channel) | vods: D1 https://youtu.be/B9XcnWKADF0 [Official Pokémon]; D2 https://youtu.be/gBRidO_aoJo [Official Pokémon] | sources: https://victoryroad.pro/2026-season-calendar/ , https://victoryroad.pro/2026-frankfurt/ , https://rk9.gg/pairings/FR02mk9EZ28MWiUNIsTN"
2026-pittsburgh,event,2026 Pokémon Pittsburgh Regional Championships,2025-09-20,2025-09-21,sv,SV Reg H,doubles,,,,,,https://www.youtube.com/watch?v=-EQZuKLQJMU,,https://standings.limitlessvgc.com/0003/standings,https://rk9.gg/roster/PT02mMVCgJGPQcHccDoy,https://liquipedia.net/pokemon/Pokemon_Championships/Regional/Pittsburgh/2026/VGC,4,queued,"broadcast=official (Play! Pokémon / regional Pokémon Company channel) | vods: D2 https://youtu.be/-EQZuKLQJMU [Play Pokémon] | sources: https://victoryroad.pro/2026-season-calendar/ , https://victoryroad.pro/2026-pittsburgh/ , https://rk9.gg/pairings/PT02mMVCgJGPQcHccDoy"
2026-milwaukee,event,2026 Pokémon Milwaukee Regional Championships,2025-10-11,2025-10-12,sv,SV Reg H,doubles,,,,,,https://www.youtube.com/watch?v=5zqZtxcmAC8,,https://standings.limitlessvgc.com/0005/standings,https://rk9.gg/roster/MK02mx9kmM49UZ5g4JxH,https://liquipedia.net/pokemon/Pokemon_Championships/Regional/Milwaukee/2026/VGC,4,queued,"broadcast=official (Play! Pokémon / regional Pokémon Company channel) | vods: D1 https://youtu.be/EDp3Z8V68gc [Official Pokémon]; D2 https://youtu.be/5zqZtxcmAC8 [Official Pokémon] | sources: https://victoryroad.pro/2026-season-calendar/ , https://victoryroad.pro/2026-milwaukee/ , https://rk9.gg/pairings/MK02mx9kmM49UZ5g4JxH"
2026-lille,event,2026 Pokémon Lille Regional Championships,2025-10-25,2025-10-26,sv,SV Reg H,doubles,,,,,,https://www.youtube.com/watch?v=JLuo9LmuS5s,,https://standings.limitlessvgc.com/0006/standings,https://rk9.gg/roster/LL02aDtPZHuHLDewaIqy,https://liquipedia.net/pokemon/Pokemon_Championships/Regional/Lille/2026/VGC,4,queued,"broadcast=official (Play! Pokémon / regional Pokémon Company channel) | vods: D1 https://youtu.be/xf0jr6T6HK8 [Official Pokémon]; D2 https://youtu.be/JLuo9LmuS5s [Play Pokémon]; D2 mirror https://youtu.be/rDadrGZ1vIU [Official Pokémon] | sources: https://victoryroad.pro/2026-season-calendar/ , https://victoryroad.pro/2026-lille/ , https://rk9.gg/pairings/LL02aDtPZHuHLDewaIqy"
2026-brisbane,event,2026 Pokémon Brisbane Regional Championships,2025-11-01,2025-11-02,sv,SV Reg H,doubles,,,,,,https://www.youtube.com/watch?v=iVqM-rWLbwI,,https://standings.limitlessvgc.com/0007/standings,https://rk9.gg/roster/BR02nX95OUm3tbvzmSPv,https://liquipedia.net/pokemon/Pokemon_Championships/Regional/Brisbane/2026/VGC,4,queued,"broadcast=community channel (not official) | vods: D1 https://youtu.be/iVqM-rWLbwI [OCE Pokémon VGC (community)] | sources: https://victoryroad.pro/2026-season-calendar/ , https://victoryroad.pro/2026-brisbane/ , https://rk9.gg/pairings/BR02nX95OUm3tbvzmSPv | VOD from OCE Pokémon VGC (community channel); Day 2 VOD not located."
2026-gdansk,event,2026 Pokémon Gdańsk Regional Championships,2025-11-01,2025-11-02,sv,SV Reg H,doubles,,,,,,https://www.youtube.com/watch?v=MiII3jx8Rns,,https://standings.limitlessvgc.com/0008/standings,https://rk9.gg/roster/GD02yFCaTDuKwnIR9IKd,https://liquipedia.net/pokemon/Pokemon_Championships/Regional/Gda%C5%84sk/2026/VGC,4,queued,"broadcast=official (Play! Pokémon / regional Pokémon Company channel) | vods: D2 https://youtu.be/MiII3jx8Rns [Official Pokémon] | sources: https://victoryroad.pro/2026-season-calendar/ , https://victoryroad.pro/2026-gdansk/ , https://rk9.gg/pairings/GD02yFCaTDuKwnIR9IKd"
2026-las-vegas,event,2026 Pokémon Las Vegas Regional Championships,2025-11-15,2025-11-16,sv,SV Reg H,doubles,,,,,,https://www.youtube.com/watch?v=KrJ-KAycBSU,,https://standings.limitlessvgc.com/0009/standings,https://rk9.gg/roster/LV02kSgge3zYTKAwlomv,https://liquipedia.net/pokemon/Pokemon_Championships/Regional/Las_Vegas/2026/VGC,4,queued,"broadcast=official (Play! Pokémon / regional Pokémon Company channel) | vods: D1 https://youtu.be/gcdqM5W09_g [Official Pokémon]; D2 https://youtu.be/KrJ-KAycBSU [Play Pokémon]; D2 mirror https://youtu.be/NNth45hxDA8 [Official Pokémon]; Masters final https://youtu.be/q88SahBXH9U [Play Pokémon] | sources: https://victoryroad.pro/2026-season-calendar/ , https://victoryroad.pro/2026-las-vegas/ , https://rk9.gg/pairings/LV02kSgge3zYTKAwlomv"
2026-laic,event,2026 Pokémon Latin America International Championships (São Paulo),2025-11-21,2025-11-23,sv,SV Reg H,doubles,,,,,,https://www.youtube.com/watch?v=jgzv7yTMA38,,https://standings.limitlessvgc.com/0010/standings,https://rk9.gg/roster/LA0226md2zDgZtmvexIY,https://liquipedia.net/pokemon/Pokemon_Championships/International/Latin_America/2026/VGC,3,queued,"broadcast=official (Play! Pokémon / regional Pokémon Company channel) | vods: D1 https://youtu.be/uwu1J5EVrjA [Official Pokémon]; D2 https://youtu.be/jgzv7yTMA38 [Official Pokémon]; Sun https://youtu.be/AEWdbuU5BoU [Official Pokémon]; D1 off-stage station 2 https://youtu.be/V4kk__nLAxI [Play Pokémon]; D2 off-stage station 1 https://youtu.be/Byt8joKJS_Q [Play Pokémon]; D2 off-stage station 2 https://youtu.be/f5Kg2piMXEw [Play Pokémon]; Masters final https://youtu.be/5cuWtyDwApk [Play Pokémon] | sources: https://victoryroad.pro/2026-season-calendar/ , https://victoryroad.pro/2026-laic/ , https://rk9.gg/pairings/LA0226md2zDgZtmvexIY"
2026-stuttgart,event,2026 Pokémon Stuttgart Regional Championships,2025-11-29,2025-11-30,sv,SV Reg H,doubles,,,,,,https://www.youtube.com/watch?v=Q96XmUTsnFY,,https://standings.limitlessvgc.com/0011/standings,https://rk9.gg/roster/SG02gVKM38QMVGTcAiZN,https://liquipedia.net/pokemon/Pokemon_Championships/Regional/Stuttgart/2026/VGC,4,queued,"broadcast=official (Play! Pokémon / regional Pokémon Company channel) | vods: D2 https://youtu.be/Q96XmUTsnFY [Official Pokémon]; Masters final https://youtu.be/Z0psXLlPFCE [Play Pokémon] | sources: https://victoryroad.pro/2026-season-calendar/ , https://victoryroad.pro/2026-stuttgart/ , https://rk9.gg/pairings/SG02gVKM38QMVGTcAiZN"
2026-toronto,event,2026 Pokémon Toronto Regional Championships,2026-01-17,2026-01-18,sv,SV Reg F,doubles,,,,,,https://www.youtube.com/watch?v=ddqUukeiGKQ,,https://standings.limitlessvgc.com/0012/standings,https://rk9.gg/roster/TO027Rvi7XmbN1f355Nc,https://liquipedia.net/pokemon/Pokemon_Championships/Regional/Toronto/2026/VGC,4,queued,"broadcast=official (Play! Pokémon / regional Pokémon Company channel) | vods: D2 https://youtu.be/ddqUukeiGKQ [Official Pokémon] | sources: https://victoryroad.pro/2026-season-calendar/ , https://victoryroad.pro/2026-toronto/ , https://rk9.gg/pairings/TO027Rvi7XmbN1f355Nc"
2026-birmingham,event,2026 Pokémon Birmingham Regional Championships,2026-01-24,2026-01-25,sv,SV Reg F,doubles,,,,,,https://www.youtube.com/watch?v=a4H3x5bRJGM,,https://standings.limitlessvgc.com/0013/standings,https://rk9.gg/roster/BH02mBOy0UgfISzHnNdU,https://liquipedia.net/pokemon/Pokemon_Championships/Regional/Birmingham/2026/VGC,4,queued,"broadcast=official (Play! Pokémon / regional Pokémon Company channel) | vods: D2 https://youtu.be/a4H3x5bRJGM [Play Pokémon] | sources: https://victoryroad.pro/2026-season-calendar/ , https://victoryroad.pro/2026-birmingham/ , https://rk9.gg/pairings/BH02mBOy0UgfISzHnNdU"
2026-sydney,event,2026 Pokémon Sydney Regional Championships,2026-02-07,2026-02-08,sv,SV Reg F,doubles,,,,,,https://www.youtube.com/watch?v=0TXdDuNl4kM,,https://standings.limitlessvgc.com/0017/standings,https://rk9.gg/roster/SY02sMDp6JmCcnCynSLn,https://liquipedia.net/pokemon/Pokemon_Championships/Regional/Sydney/2026/VGC,4,queued,"broadcast=community channel (not official) | vods: D2 https://youtu.be/0TXdDuNl4kM [OCE Pokémon VGC (community)] | sources: https://victoryroad.pro/2026-season-calendar/ , https://victoryroad.pro/2026-sydney/ , https://rk9.gg/pairings/SY02sMDp6JmCcnCynSLn | VOD from OCE Pokémon VGC (community channel)."
2026-euic,event,2026 Pokémon Europe International Championships (London),2026-02-13,2026-02-15,sv,SV Reg F,doubles,,,,,,https://www.youtube.com/watch?v=YIuM-5C251M,,https://standings.limitlessvgc.com/0019/standings,https://rk9.gg/roster/EU02mADIyxk2QHCU8dqx,https://liquipedia.net/pokemon/Pokemon_Championships/International/Europe/2026/VGC,3,queued,"broadcast=official (Play! Pokémon / regional Pokémon Company channel) | vods: D1 https://youtu.be/KxigCm-pETE [Play Pokémon]; D1 mirror https://youtu.be/eTinAzW7ibc [Official Pokémon]; D2 https://youtu.be/YIuM-5C251M [Play Pokémon]; Sun https://youtu.be/a12fGoVXrHs [Play Pokémon]; Masters final https://youtu.be/oqYc9TcVd_M [Play Pokémon]; VR side-stream playlist https://www.youtube.com/playlist?list=PLAdxOkXjXrPEc6lRQ6m-oPxrQwalEYbap [Victory Road] | sources: https://victoryroad.pro/2026-season-calendar/ , https://victoryroad.pro/2026-euic/ , https://rk9.gg/pairings/EU02mADIyxk2QHCU8dqx"
2026-seattle,event,2026 Pokémon Seattle Regional Championships,2026-02-28,2026-03-01,sv,SV Reg F,doubles,,,,,,https://www.youtube.com/watch?v=er1TELetfNc,,https://standings.limitlessvgc.com/0020/standings,https://rk9.gg/roster/SE027LIri9yqbewCPonE,https://liquipedia.net/pokemon/Pokemon_Championships/Regional/Seattle/2026/VGC,4,queued,"broadcast=official (Play! Pokémon / regional Pokémon Company channel) | vods: D1 https://youtu.be/8Q-OXqQv4iI [Official Pokémon]; D2 https://youtu.be/er1TELetfNc [Official Pokémon] | sources: https://victoryroad.pro/2026-season-calendar/ , https://victoryroad.pro/2026-seattle/ , https://rk9.gg/pairings/SE027LIri9yqbewCPonE"
2026-houston,event,2026 Pokémon Houston Regional Championships,2026-03-21,2026-03-22,sv,SV Reg F,doubles,,,,,,https://www.youtube.com/watch?v=A2sNYhXztpY,,https://standings.limitlessvgc.com/0023/standings,https://rk9.gg/roster/HO02w2PgpC7mWHP8zYRI,https://liquipedia.net/pokemon/Pokemon_Championships/Regional/Houston/2026/VGC,4,queued,"broadcast=official (Play! Pokémon / regional Pokémon Company channel) | vods: D1 https://youtu.be/VRr4SD-Mdi0 [Official Pokémon]; D2 https://youtu.be/A2sNYhXztpY [Play Pokémon] | sources: https://victoryroad.pro/2026-season-calendar/ , https://victoryroad.pro/2026-houston/ , https://rk9.gg/pairings/HO02w2PgpC7mWHP8zYRI"
2026-seville,event,2026 Pokémon Seville Special Championships,2026-03-28,2026-03-29,sv,SV Reg F,doubles,,,,,,https://www.youtube.com/watch?v=uKfOVoynekU,,https://standings.limitlessvgc.com/0024/standings,https://rk9.gg/roster/SV02wtoHf5SDBUM0ntB2,https://liquipedia.net/pokemon/Pokemon_Championships/Special_Event/Seville/2026/VGC,4,queued,"broadcast=official (Play! Pokémon / regional Pokémon Company channel) | vods: D1 https://youtu.be/nr_3znrzXM4 [Play Pokémon]; D1 mirror https://youtu.be/CmR-YiMModY [Official Pokémon]; D2 https://youtu.be/uKfOVoynekU [Play Pokémon]; Masters final https://youtu.be/Qw1RKWWeNY0 [Play Pokémon]; Top 4 https://youtu.be/8VXIP1HVdl8 [Play Pokémon]; Top 4 https://youtu.be/GloZhPsRIig [Play Pokémon]; playlist https://www.youtube.com/playlist?list=PLQWzKIaERirxtCoJOkwXXaL8ZKukHwNMg [Official Pokémon] | sources: https://victoryroad.pro/2026-season-calendar/ , https://victoryroad.pro/2026-seville/ , https://rk9.gg/pairings/SV02wtoHf5SDBUM0ntB2"
2026-orlando,event,2026 Pokémon Orlando Regional Championships,2026-04-04,2026-04-05,sv,SV Reg I,doubles,,,,,,https://www.youtube.com/watch?v=PaXA7jzMGrY,,https://standings.limitlessvgc.com/0025/standings,https://rk9.gg/roster/OR02wF0GhaiorROTkFlu,https://liquipedia.net/pokemon/Pokemon_Championships/Regional/Orlando/2026/VGC,4,queued,"broadcast=official (Play! Pokémon / regional Pokémon Company channel) | vods: D1 https://youtu.be/Ezpxn8eTr4U [Official Pokémon]; D2 https://youtu.be/PaXA7jzMGrY [Official Pokémon] | sources: https://victoryroad.pro/2026-season-calendar/ , https://victoryroad.pro/2026-orlando/ , https://rk9.gg/pairings/OR02wF0GhaiorROTkFlu"
2026-philippines,event,2025-26 Philippines Master Ball League (VGC division),2026-04-25,2026-04-26,sv,SV Reg I,doubles,,,,,,https://www.youtube.com/watch?v=zhw4YkGCrAY,,https://victoryroad.pro/2026-philippines/,https://victoryroad.pro/2026-philippines/,,4,queued,broadcast=official (Play! Pokémon / regional Pokémon Company channel) | vods: D1 https://youtu.be/zhw4YkGCrAY [Pokémon Asia ENG] | sources: https://victoryroad.pro/2026-season-calendar/ | Pokémon Asia ENG broadcast; Day 2 VOD not located.
2026-prague,event,2026 Pokémon Prague Regional Championships,2026-04-25,2026-04-26,sv,SV Reg I,doubles,,,,,,https://www.youtube.com/watch?v=Ha5KFNSn4s4,,https://standings.limitlessvgc.com/0027/standings,https://rk9.gg/roster/PR02wayEt6qQBnpFi6cp,https://liquipedia.net/pokemon/Pokemon_Championships/Regional/Prague/2026/VGC,4,queued,"broadcast=official (Play! Pokémon / regional Pokémon Company channel) | vods: D1 https://youtu.be/KYW6rXbFmcg [Official Pokémon]; D2 https://youtu.be/Ha5KFNSn4s4 [Official Pokémon] | sources: https://victoryroad.pro/2026-season-calendar/ , https://victoryroad.pro/2026-prague/ , https://rk9.gg/pairings/PR02wayEt6qQBnpFi6cp"
2026-los-angeles,event,2026 Pokémon Los Angeles Regional Championships,2026-05-09,2026-05-10,sv,SV Reg I,doubles,,,,,,https://www.youtube.com/watch?v=aIqC3Ogfk9M,,https://standings.limitlessvgc.com/0028/standings,https://rk9.gg/roster/LS02w5lpCOiMwPPo7QWD,https://liquipedia.net/pokemon/Pokemon_Championships/Regional/Los_Angeles/2026/VGC,4,queued,"broadcast=official (Play! Pokémon / regional Pokémon Company channel) | vods: D1 https://youtu.be/Ft39ke_ai3w [Play Pokémon]; D1 mirror https://youtu.be/Ip66g-MTVEs [Official Pokémon]; D2 https://youtu.be/aIqC3Ogfk9M [Official Pokémon] | sources: https://victoryroad.pro/2026-season-calendar/ , https://victoryroad.pro/2026-los-angeles/ , https://rk9.gg/pairings/LS02w5lpCOiMwPPo7QWD"
2026-malaysia,event,2025-26 Malaysia Master Ball League (VGC division),2026-05-09,2026-05-10,champions,Champions M-A,doubles,,,,,Sow Wei Harng,https://www.youtube.com/watch?v=kvzXAZjlgtg,,https://victoryroad.pro/2026-malaysia/,https://victoryroad.pro/2026-malaysia/,,1,queued,"broadcast=official (Play! Pokémon / regional Pokémon Company channel) | vods: D1 https://youtu.be/NBlMDVec95Q [Pokémon Asia ENG]; D2 https://youtu.be/kvzXAZjlgtg [Pokémon Asia ENG] | sources: https://victoryroad.pro/2026-season-calendar/ | First official in-person Pokémon Champions event per Victory Road (https://x.com/VGCVictoryRoad/status/2052742820289474933, Tier 4 lead; VR calendar lists it as Champions M-A). Predates the 2026-05-29 cut-off in the brief. English commentary (Pokémon Asia ENG)."
2026-malaysia-masters-final-sow-wei-harng-vs-ng-chee-woon,match,2025-26 Malaysia Master Ball League (VGC division),2026-05-10,2026-05-10,champions,Champions M-A,doubles,masters,Final,Sow Wei Harng,Ng Chee Woon,Sow Wei Harng,https://www.youtube.com/watch?v=kvzXAZjlgtg,,https://victoryroad.pro/2026-malaysia/,https://victoryroad.pro/2026-malaysia/,,1,queued,"stream=official broadcast (Pokémon Asia ENG) | start_local=2026-05-10 (date of final not published; last event day) | series=not published | vod_kind=day-stream VOD (D2; final assumed on the last day) | pairing derived from the Victory Road final-standings table (1st vs 2nd in a single-elimination cut); no bracket page with game scores found | src: https://victoryroad.pro/2026-malaysia/ (read from the raw page, 2026-09-28)"
2026-thailand,event,2025-26 Thailand Master Ball League (VGC division),2026-05-16,2026-05-17,champions,Champions M-A,doubles,,,,,Jittarin Rojmahamongkol,https://www.youtube.com/@PokemonThailandOfficial,,https://victoryroad.pro/2026-thailand/,https://victoryroad.pro/2026-thailand/,,1,queued,broadcast=official (Play! Pokémon / regional Pokémon Company channel) | video_url is a channel page; no VOD located | sources: https://victoryroad.pro/2026-season-calendar/ | Broadcast channel per VR page: https://www.youtube.com/@PokemonThailandOfficial ; VOD not located. Predates the 2026-05-29 cut-off in the brief.
2026-thailand-masters-final-jittarin-rojmahamongkol-vs-phatthrawat-wichiendilok,match,2025-26 Thailand Master Ball League (VGC division),2026-05-17,2026-05-17,champions,Champions M-A,doubles,masters,Final,Jittarin Rojmahamongkol,Phatthrawat Wichiendilok,Jittarin Rojmahamongkol,https://www.youtube.com/@PokemonThailandOfficial,,https://victoryroad.pro/2026-thailand/,https://victoryroad.pro/2026-thailand/,,1,queued,"stream=official broadcast (channel per VR page) | start_local=2026-05-17 (date of final not published; last event day) | series=not published | vod_kind=channel page; no VOD located | pairing derived from the Victory Road final-standings table (1st vs 2nd in a single-elimination cut); no bracket page with game scores found | src: https://victoryroad.pro/2026-thailand/ (read from the raw page, 2026-09-28)"
2026-utrecht,event,2026 Pokémon Utrecht Regional Championships,2026-05-16,2026-05-17,sv,SV Reg I,doubles,,,,,,https://www.youtube.com/watch?v=sCnqwuMc-ZA,,https://standings.limitlessvgc.com/0029/standings,https://rk9.gg/roster/UT02wFHDCjnKgZ9Gscu7,https://liquipedia.net/pokemon/Pokemon_Championships/Regional/Utrecht/2026/VGC,4,queued,"broadcast=official (Play! Pokémon / regional Pokémon Company channel) | vods: D2 https://youtu.be/sCnqwuMc-ZA [Play Pokémon]; Top 4 https://youtu.be/RyHrWOmJaB8 [Play Pokémon] | sources: https://victoryroad.pro/2026-season-calendar/ , https://victoryroad.pro/2026-utrecht/ , https://rk9.gg/pairings/UT02wFHDCjnKgZ9Gscu7"
2026-melbourne,event,2026 Pokémon Melbourne Regional Championships,2026-05-23,2026-05-24,sv,SV Reg I,doubles,,,,,,https://www.youtube.com/watch?v=zTaxw4IWw3c,,https://standings.limitlessvgc.com/0031/standings,https://rk9.gg/roster/MB02w71HQZzTvTOYLtXb,https://liquipedia.net/pokemon/Pokemon_Championships/Regional/Melbourne/2026/VGC,4,queued,"broadcast=community channel (not official) | vods: D1 https://youtu.be/zTaxw4IWw3c [OCE Pokémon VGC (community)] | sources: https://victoryroad.pro/2026-season-calendar/ , https://victoryroad.pro/2026-melbourne/ , https://rk9.gg/pairings/MB02w71HQZzTvTOYLtXb | VOD from OCE Pokémon VGC (community channel); Day 2 VOD not located."
2026-singapore,event,2025-26 Singapore Master Ball League (VGC division),2026-05-23,2026-05-24,champions,Champions M-A,doubles,,,,,Krittapas Augchariyajinda,https://www.youtube.com/watch?v=ry-MNNRdD7w,,https://victoryroad.pro/2026-singapore/,https://victoryroad.pro/2026-singapore/,,1,queued,broadcast=official (Play! Pokémon / regional Pokémon Company channel) | vods: D2 https://youtu.be/ry-MNNRdD7w [Pokémon Asia ENG] | sources: https://victoryroad.pro/2026-season-calendar/ | English commentary (Pokémon Asia ENG). Day 1 VOD not located. Predates the 2026-05-29 cut-off in the brief.
2026-singapore-masters-final-krittapas-augchariyajinda-vs-lee-jin-yang,match,2025-26 Singapore Master Ball League (VGC division),2026-05-24,2026-05-24,champions,Champions M-A,doubles,masters,Final,Krittapas Augchariyajinda,Lee Jin Yang,Krittapas Augchariyajinda,https://www.youtube.com/watch?v=ry-MNNRdD7w,,https://victoryroad.pro/2026-singapore/,https://victoryroad.pro/2026-singapore/,,1,queued,"stream=official broadcast (Pokémon Asia ENG) | start_local=2026-05-24 (date of final not published; last event day) | series=not published | vod_kind=day-stream VOD (D2; final assumed on the last day) | pairing derived from the Victory Road final-standings table (1st vs 2nd in a single-elimination cut); no bracket page with game scores found | src: https://victoryroad.pro/2026-singapore/ (read from the raw page, 2026-09-28)"
2026-korea,event,Pokémon Trainers Cup 2026 (Korea national championship),2026-05-24,2026-05-25,champions,Champions M-A,doubles,,,,,Jeongso Lee,https://www.youtube.com/watch?v=K9pHvzepn44,,https://victoryroad.pro/2026-korea/,https://victoryroad.pro/2026-korea/,,1,queued,broadcast=official (Play! Pokémon / regional Pokémon Company channel) | vods: Masters https://youtu.be/K9pHvzepn44 [Pokémon Korea official]; Jr/Sr https://youtu.be/NXMKma2w4gM [Pokémon Korea official] | sources: https://victoryroad.pro/2026-season-calendar/ | Korean-language broadcast (Pokémon Korea). Predates the 2026-05-29 cut-off in the brief.
2026-korea-masters-final-jeongso-lee-vs-junhee-lee,match,Pokémon Trainers Cup 2026 (Korea national championship),2026-05-25,2026-05-25,champions,Champions M-A,doubles,masters,Final,Jeongso Lee,Junhee Lee,Jeongso Lee,https://www.youtube.com/watch?v=K9pHvzepn44,,https://victoryroad.pro/2026-korea/,https://victoryroad.pro/2026-korea/,,1,queued,"stream=official broadcast (Pokémon Korea official) | start_local=2026-05-25 (date of final not published; last event day) | series=not published | vod_kind=day-stream VOD (Masters; final assumed on the last day) | pairing derived from the Victory Road final-standings table (1st vs 2nd in a single-elimination cut); no bracket page with game scores found | src: https://victoryroad.pro/2026-korea/ (read from the raw page, 2026-09-28)"
2026-indianapolis,event,2026 Pokémon Indianapolis Regional Championships,2026-05-30,2026-05-31,champions,Champions M-A,doubles,,,,,Arsal Puri,https://www.youtube.com/watch?v=yEvyVhuwJtA,,https://standings.limitlessvgc.com/0033/standings,https://rk9.gg/roster/IN02wbUMQOt2eNv12cgC,https://liquipedia.net/pokemon/Pokemon_Championships/Regional/Indianapolis/2026/VGC,1,queued,"broadcast=official (Play! Pokémon / regional Pokémon Company channel) | vods: D1 https://youtu.be/NR6eRjJqxQU [Play Pokémon]; D1 mirror https://youtu.be/Uy7N6io_tqs [Official Pokémon]; D2 https://youtu.be/yEvyVhuwJtA [Play Pokémon]; D2 mirror https://youtu.be/NZ0P-RuYGvo [Official Pokémon]; Masters final https://youtu.be/m8Lg5yy4kE8 [Play Pokémon]; playlist https://www.youtube.com/playlist?list=PLQWzKIaERiryfbZhEWke1unwUUM9S4SXw [Official Pokémon] | sources: https://victoryroad.pro/2026-season-calendar/ , https://victoryroad.pro/2026-indianapolis/ , https://rk9.gg/pairings/IN02wbUMQOt2eNv12cgC | First Champions-format Regional in the TPCi circuit. Event weekend May 29–31 (Limitless); VGC days May 30–31 (Liquipedia, VR)."
2026-indianapolis-masters-r2-caelan-brown-vs-raghav-malaviya,match,2026 Pokémon Indianapolis Regional Championships,2026-05-30,2026-05-30,champions,Champions M-A,doubles,masters,R2,Caelan Brown,Raghav Malaviya,Raghav Malaviya,https://www.youtube.com/watch?v=NR6eRjJqxQU,,https://standings.limitlessvgc.com/0033/pairings?round=2,https://rk9.gg/roster/IN02wbUMQOt2eNv12cgC,https://liquipedia.net/pokemon/Pokemon_Championships/Regional/Indianapolis/2026/VGC,1,queued,"stream=main stream (Pokémon) | start_local=2026-05-30 09:50 EDT | series=0-2 | vod_kind=day-stream VOD (D1, matched by date) | teamlists: https://standings.limitlessvgc.com/0033/player/0267/teamlist ; https://standings.limitlessvgc.com/0033/player/0550/teamlist | src: https://liquipedia.net/pokemon/Pokemon_Championships/Regional/Indianapolis/2026/VGC (Liquipedia, via API 2026-09-28) ; https://standings.limitlessvgc.com/0033/pairings?round=2 (Limitless round 2, table 205: pairing+winner agree)"
2026-indianapolis-masters-r3-cary-d-ortona-vs-rushil-thakkar,match,2026 Pokémon Indianapolis Regional Championships,2026-05-30,2026-05-30,champions,Champions M-A,doubles,masters,R3,Cary D'Ortona,Rushil Thakkar,Cary D'Ortona,https://www.youtube.com/watch?v=NR6eRjJqxQU,,https://standings.limitlessvgc.com/0033/pairings?round=3,https://rk9.gg/roster/IN02wbUMQOt2eNv12cgC,https://liquipedia.net/pokemon/Pokemon_Championships/Regional/Indianapolis/2026/VGC,1,queued,"stream=main stream (Pokémon) | start_local=2026-05-30 10:45 EDT | series=2-1 | vod_kind=day-stream VOD (D1, matched by date) | teamlists: https://standings.limitlessvgc.com/0033/player/0639/teamlist ; https://standings.limitlessvgc.com/0033/player/0460/teamlist | src: https://liquipedia.net/pokemon/Pokemon_Championships/Regional/Indianapolis/2026/VGC (Liquipedia, via API 2026-09-28) ; https://standings.limitlessvgc.com/0033/pairings?round=3 (Limitless round 3, table 73: pairing+winner agree)"
2026-indianapolis-masters-r4-brendan-zheng-vs-giovanni-cischke,match,2026 Pokémon Indianapolis Regional Championships,2026-05-30,2026-05-30,champions,Champions M-A,doubles,masters,R4,Brendan Zheng,Giovanni Cischke,Giovanni Cischke,https://www.youtube.com/watch?v=NR6eRjJqxQU,,https://standings.limitlessvgc.com/0033/pairings?round=4,https://rk9.gg/roster/IN02wbUMQOt2eNv12cgC,https://liquipedia.net/pokemon/Pokemon_Championships/Regional/Indianapolis/2026/VGC,1,queued,"stream=main stream (Pokémon) | start_local=2026-05-30 12:10 EDT | series=0-2 | vod_kind=day-stream VOD (D1, matched by date) | teamlists: https://standings.limitlessvgc.com/0033/player/0962/teamlist ; https://standings.limitlessvgc.com/0033/player/0571/teamlist | src: https://liquipedia.net/pokemon/Pokemon_Championships/Regional/Indianapolis/2026/VGC (Liquipedia, via API 2026-09-28) ; https://standings.limitlessvgc.com/0033/pairings?round=4 (Limitless round 4, table 3: pairing+winner agree)"
2026-indianapolis-masters-r4-joshua-lorcy-vs-justin-knox,match,2026 Pokémon Indianapolis Regional Championships,2026-05-30,2026-05-30,champions,Champions M-A,doubles,masters,R4,Joshua Lorcy,Justin Knox,Joshua Lorcy,https://www.youtube.com/watch?v=NR6eRjJqxQU,,https://standings.limitlessvgc.com/0033/pairings?round=4,https://rk9.gg/roster/IN02wbUMQOt2eNv12cgC,https://liquipedia.net/pokemon/Pokemon_Championships/Regional/Indianapolis/2026/VGC,1,queued,"stream=main stream (Pokémon) | start_local=2026-05-30 13:40 EDT | series=2-0 | vod_kind=day-stream VOD (D1, matched by date) | teamlists: https://standings.limitlessvgc.com/0033/player/0164/teamlist ; https://standings.limitlessvgc.com/0033/player/1001/teamlist | src: https://liquipedia.net/pokemon/Pokemon_Championships/Regional/Indianapolis/2026/VGC (Liquipedia, via API 2026-09-28) ; https://standings.limitlessvgc.com/0033/pairings?round=4 (Limitless round 4, table 14: pairing+winner agree)"
2026-indianapolis-masters-r4-thomas-cooleen-vs-william-brown,match,2026 Pokémon Indianapolis Regional Championships,2026-05-30,2026-05-30,champions,Champions M-A,doubles,masters,R4,Thomas Cooleen,William Brown,Thomas Cooleen,https://www.youtube.com/watch?v=NR6eRjJqxQU,,https://standings.limitlessvgc.com/0033/pairings?round=4,https://rk9.gg/roster/IN02wbUMQOt2eNv12cgC,https://liquipedia.net/pokemon/Pokemon_Championships/Regional/Indianapolis/2026/VGC,1,queued,"stream=main stream (Pokémon) | start_local=2026-05-30 14:45 EDT | series=2-0 | vod_kind=day-stream VOD (D1, matched by date) | teamlists: https://standings.limitlessvgc.com/0033/player/0683/teamlist ; https://standings.limitlessvgc.com/0033/player/0907/teamlist | src: https://liquipedia.net/pokemon/Pokemon_Championships/Regional/Indianapolis/2026/VGC (Liquipedia, via API 2026-09-28) ; https://standings.limitlessvgc.com/0033/pairings?round=4 (Limitless round 4, table 23: pairing+winner agree)"
2026-indianapolis-masters-r5-dawei-si-vs-kylan-van-severen,match,2026 Pokémon Indianapolis Regional Championships,2026-05-30,2026-05-30,champions,Champions M-A,doubles,masters,R5,Dawei Si,Kylan Van Severen,Dawei Si,https://www.youtube.com/watch?v=NR6eRjJqxQU,,https://standings.limitlessvgc.com/0033/pairings?round=5,https://rk9.gg/roster/IN02wbUMQOt2eNv12cgC,https://liquipedia.net/pokemon/Pokemon_Championships/Regional/Indianapolis/2026/VGC,1,queued,"stream=main stream (Pokémon) | start_local=2026-05-30 15:45 EDT | series=2-0 | vod_kind=day-stream VOD (D1, matched by date) | teamlists: https://standings.limitlessvgc.com/0033/player/0530/teamlist ; https://standings.limitlessvgc.com/0033/player/0930/teamlist | src: https://liquipedia.net/pokemon/Pokemon_Championships/Regional/Indianapolis/2026/VGC (Liquipedia, via API 2026-09-28) ; https://standings.limitlessvgc.com/0033/pairings?round=5 (Limitless round 5, table 1: pairing+winner agree)"
2026-indianapolis-masters-r6-leonard-craft-iii-vs-brendan-dewerth,match,2026 Pokémon Indianapolis Regional Championships,2026-05-30,2026-05-30,champions,Champions M-A,doubles,masters,R6,Leonard Craft III,Brendan DeWerth,Brendan DeWerth,https://www.youtube.com/watch?v=NR6eRjJqxQU,,https://standings.limitlessvgc.com/0033/pairings?round=6,https://rk9.gg/roster/IN02wbUMQOt2eNv12cgC,https://liquipedia.net/pokemon/Pokemon_Championships/Regional/Indianapolis/2026/VGC,1,queued,"stream=main stream (Pokémon) | start_local=2026-05-30 16:45 EDT | series=0-2 | vod_kind=day-stream VOD (D1, matched by date) | teamlists: https://standings.limitlessvgc.com/0033/player/0433/teamlist ; https://standings.limitlessvgc.com/0033/player/0693/teamlist | src: https://liquipedia.net/pokemon/Pokemon_Championships/Regional/Indianapolis/2026/VGC (Liquipedia, via API 2026-09-28) ; https://standings.limitlessvgc.com/0033/pairings?round=6 (Limitless round 6, table 12: pairing+winner agree)"
2026-indianapolis-masters-r7-alberto-lara-vs-collin-heier,match,2026 Pokémon Indianapolis Regional Championships,2026-05-30,2026-05-30,champions,Champions M-A,doubles,masters,R7,Alberto Lara,Collin Heier,Collin Heier,https://www.youtube.com/watch?v=NR6eRjJqxQU,,https://standings.limitlessvgc.com/0033/pairings?round=7,https://rk9.gg/roster/IN02wbUMQOt2eNv12cgC,https://liquipedia.net/pokemon/Pokemon_Championships/Regional/Indianapolis/2026/VGC,1,queued,"stream=main stream (Pokémon) | start_local=2026-05-30 17:45 EDT | series=1-2 | vod_kind=day-stream VOD (D1, matched by date) | teamlists: https://standings.limitlessvgc.com/0033/player/0239/teamlist ; https://standings.limitlessvgc.com/0033/player/0244/teamlist | src: https://liquipedia.net/pokemon/Pokemon_Championships/Regional/Indianapolis/2026/VGC (Liquipedia, via API 2026-09-28) ; https://standings.limitlessvgc.com/0033/pairings?round=7 (Limitless round 7, table 2: pairing+winner agree) | candidate per-match upload [inferred from title, opponent/round not named]: https://youtu.be/ReeDgu2RUpQ ""Collin Heier Wins 7th Match in a Row with Palafin | 2026 Indianapolis Regional | Pokémon VGC"""
2026-indianapolis-masters-r8-steven-gillespie-vs-wolfe-glick,match,2026 Pokémon Indianapolis Regional Championships,2026-05-30,2026-05-30,champions,Champions M-A,doubles,masters,R8,Steven Gillespie,Wolfe Glick,Wolfe Glick,https://www.youtube.com/watch?v=fkZxlOriWlw,,https://standings.limitlessvgc.com/0033/pairings?round=8,https://rk9.gg/roster/IN02wbUMQOt2eNv12cgC,https://liquipedia.net/pokemon/Pokemon_Championships/Regional/Indianapolis/2026/VGC,1,queued,"stream=main stream (Pokémon) | start_local=2026-05-30 18:40 EDT | series=1-2 | vod_kind=per-match upload (Play! Pokémon) | teamlists: https://standings.limitlessvgc.com/0033/player/0735/teamlist ; https://standings.limitlessvgc.com/0033/player/0836/teamlist | src: https://liquipedia.net/pokemon/Pokemon_Championships/Regional/Indianapolis/2026/VGC (Liquipedia, via API 2026-09-28) ; https://standings.limitlessvgc.com/0033/pairings?round=8 (Limitless round 8, table 4: pairing+winner agree) | day/stream VOD: https://youtu.be/NR6eRjJqxQU | upload title names both players but not the round; round from Liquipedia (only meeting of these players at the event)"
2026-indianapolis-masters-r10-evan-scott-vs-wolfe-glick,match,2026 Pokémon Indianapolis Regional Championships,2026-05-31,2026-05-31,champions,Champions M-A,doubles,masters,R10,Evan Scott,Wolfe Glick,Wolfe Glick,https://www.youtube.com/watch?v=yEvyVhuwJtA,,https://standings.limitlessvgc.com/0033/pairings?round=10,https://rk9.gg/roster/IN02wbUMQOt2eNv12cgC,https://liquipedia.net/pokemon/Pokemon_Championships/Regional/Indianapolis/2026/VGC,1,queued,"stream=main stream (Pokémon) | start_local=2026-05-31 09:45 EDT | series=1-2 | vod_kind=day-stream VOD (D2, matched by date) | teamlists: https://standings.limitlessvgc.com/0033/player/0385/teamlist ; https://standings.limitlessvgc.com/0033/player/0836/teamlist | src: https://liquipedia.net/pokemon/Pokemon_Championships/Regional/Indianapolis/2026/VGC (Liquipedia, via API 2026-09-28) ; https://standings.limitlessvgc.com/0033/pairings?round=10 (Limitless round 10, table 1: pairing+winner agree)"
2026-indianapolis-masters-r11-joshua-lorcy-vs-christopher-han,match,2026 Pokémon Indianapolis Regional Championships,2026-05-31,2026-05-31,champions,Champions M-A,doubles,masters,R11,Joshua Lorcy,Christopher Han,Christopher Han,https://www.youtube.com/watch?v=yEvyVhuwJtA,,https://standings.limitlessvgc.com/0033/pairings?round=11,https://rk9.gg/roster/IN02wbUMQOt2eNv12cgC,https://liquipedia.net/pokemon/Pokemon_Championships/Regional/Indianapolis/2026/VGC,1,queued,"stream=main stream (Pokémon) | start_local=2026-05-31 10:40 EDT | series=1-2 | vod_kind=day-stream VOD (D2, matched by date) | teamlists: https://standings.limitlessvgc.com/0033/player/0164/teamlist ; https://standings.limitlessvgc.com/0033/player/0707/teamlist | src: https://liquipedia.net/pokemon/Pokemon_Championships/Regional/Indianapolis/2026/VGC (Liquipedia, via API 2026-09-28) ; https://standings.limitlessvgc.com/0033/pairings?round=11 (Limitless round 11, table 5: pairing+winner agree)"
2026-indianapolis-masters-r12-michael-zhang-vs-justin-knox,match,2026 Pokémon Indianapolis Regional Championships,2026-05-31,2026-05-31,champions,Champions M-A,doubles,masters,R12,Michael Zhang,Justin Knox,Michael Zhang,https://www.youtube.com/watch?v=yEvyVhuwJtA,,https://standings.limitlessvgc.com/0033/pairings?round=12,https://rk9.gg/roster/IN02wbUMQOt2eNv12cgC,https://liquipedia.net/pokemon/Pokemon_Championships/Regional/Indianapolis/2026/VGC,1,queued,"stream=main stream (Pokémon) | start_local=2026-05-31 11:30 EDT | series=2-0 | vod_kind=day-stream VOD (D2, matched by date) | teamlists: https://standings.limitlessvgc.com/0033/player/0431/teamlist ; https://standings.limitlessvgc.com/0033/player/1001/teamlist | src: https://liquipedia.net/pokemon/Pokemon_Championships/Regional/Indianapolis/2026/VGC (Liquipedia, via API 2026-09-28) ; https://standings.limitlessvgc.com/0033/pairings?round=12 (Limitless round 12, table 7: pairing+winner agree)"
2026-indianapolis-masters-top-16-alex-underhill-vs-christopher-han,match,2026 Pokémon Indianapolis Regional Championships,2026-05-31,2026-05-31,champions,Champions M-A,doubles,masters,Top 16,Alex Underhill,Christopher Han,Alex Underhill,https://www.youtube.com/watch?v=yEvyVhuwJtA,,https://standings.limitlessvgc.com/0033/pairings?round=13,https://rk9.gg/roster/IN02wbUMQOt2eNv12cgC,https://liquipedia.net/pokemon/Pokemon_Championships/Regional/Indianapolis/2026/VGC,1,queued,"stream=not listed on Liquipedia (on-stream status unconfirmed) | start_local=2026-05-31 | series=2-0 | vod_kind=day-stream VOD (D2) to check | teamlists: https://standings.limitlessvgc.com/0033/player/0864/teamlist ; https://standings.limitlessvgc.com/0033/player/0707/teamlist | src: https://liquipedia.net/pokemon/Pokemon_Championships/Regional/Indianapolis/2026/VGC (Liquipedia, via API 2026-09-28) ; https://standings.limitlessvgc.com/0033/pairings?round=13 (Limitless round 13, table 7: pairing+winner agree)"
2026-indianapolis-masters-top-16-arsal-puri-vs-noah-gardner,match,2026 Pokémon Indianapolis Regional Championships,2026-05-31,2026-05-31,champions,Champions M-A,doubles,masters,Top 16,Arsal Puri,Noah Gardner,Arsal Puri,https://www.youtube.com/watch?v=yEvyVhuwJtA,,https://standings.limitlessvgc.com/0033/pairings?round=13,https://rk9.gg/roster/IN02wbUMQOt2eNv12cgC,https://liquipedia.net/pokemon/Pokemon_Championships/Regional/Indianapolis/2026/VGC,1,queued,"stream=not listed on Liquipedia (on-stream status unconfirmed) | start_local=2026-05-31 | series=2-0 | vod_kind=day-stream VOD (D2) to check | teamlists: https://standings.limitlessvgc.com/0033/player/0366/teamlist ; https://standings.limitlessvgc.com/0033/player/0342/teamlist | src: https://liquipedia.net/pokemon/Pokemon_Championships/Regional/Indianapolis/2026/VGC (Liquipedia, via API 2026-09-28) ; https://standings.limitlessvgc.com/0033/pairings?round=13 (Limitless round 13, table 4: pairing+winner agree)"
2026-indianapolis-masters-top-16-brendan-dewerth-vs-william-brown,match,2026 Pokémon Indianapolis Regional Championships,2026-05-31,2026-05-31,champions,Champions M-A,doubles,masters,Top 16,Brendan DeWerth,William Brown,William Brown,https://www.youtube.com/watch?v=yEvyVhuwJtA,,https://standings.limitlessvgc.com/0033/pairings?round=13,https://rk9.gg/roster/IN02wbUMQOt2eNv12cgC,https://liquipedia.net/pokemon/Pokemon_Championships/Regional/Indianapolis/2026/VGC,1,queued,"stream=not listed on Liquipedia (on-stream status unconfirmed) | start_local=2026-05-31 | series=0-2 | vod_kind=day-stream VOD (D2) to check | teamlists: https://standings.limitlessvgc.com/0033/player/0693/teamlist ; https://standings.limitlessvgc.com/0033/player/0907/teamlist | src: https://liquipedia.net/pokemon/Pokemon_Championships/Regional/Indianapolis/2026/VGC (Liquipedia, via API 2026-09-28) ; https://standings.limitlessvgc.com/0033/pairings?round=13 (Limitless round 13, table 3: pairing+winner agree)"
2026-indianapolis-masters-top-16-chase-thompson-vs-michael-zhang,match,2026 Pokémon Indianapolis Regional Championships,2026-05-31,2026-05-31,champions,Champions M-A,doubles,masters,Top 16,Chase Thompson,Michael Zhang,Michael Zhang,https://www.youtube.com/watch?v=yEvyVhuwJtA,,https://standings.limitlessvgc.com/0033/pairings?round=13,https://rk9.gg/roster/IN02wbUMQOt2eNv12cgC,https://liquipedia.net/pokemon/Pokemon_Championships/Regional/Indianapolis/2026/VGC,1,queued,"stream=not listed on Liquipedia (on-stream status unconfirmed) | start_local=2026-05-31 | series=0-2 | vod_kind=day-stream VOD (D2) to check | teamlists: https://standings.limitlessvgc.com/0033/player/0553/teamlist ; https://standings.limitlessvgc.com/0033/player/0431/teamlist | src: https://liquipedia.net/pokemon/Pokemon_Championships/Regional/Indianapolis/2026/VGC (Liquipedia, via API 2026-09-28) ; https://standings.limitlessvgc.com/0033/pairings?round=13 (Limitless round 13, table 6: pairing+winner agree)"
2026-indianapolis-masters-top-16-collin-heier-vs-mj-rogers,match,2026 Pokémon Indianapolis Regional Championships,2026-05-31,2026-05-31,champions,Champions M-A,doubles,masters,Top 16,Collin Heier,MJ Rogers,MJ Rogers,https://www.youtube.com/watch?v=yEvyVhuwJtA,,https://standings.limitlessvgc.com/0033/pairings?round=13,https://rk9.gg/roster/IN02wbUMQOt2eNv12cgC,https://liquipedia.net/pokemon/Pokemon_Championships/Regional/Indianapolis/2026/VGC,1,queued,"stream=not listed on Liquipedia (on-stream status unconfirmed) | start_local=2026-05-31 | series=1-2 | vod_kind=day-stream VOD (D2) to check | teamlists: https://standings.limitlessvgc.com/0033/player/0244/teamlist ; https://standings.limitlessvgc.com/0033/player/0067/teamlist | src: https://liquipedia.net/pokemon/Pokemon_Championships/Regional/Indianapolis/2026/VGC (Liquipedia, via API 2026-09-28) ; https://standings.limitlessvgc.com/0033/pairings?round=13 (Limitless round 13, table 2: pairing+winner agree)"
2026-indianapolis-masters-top-16-evan-scott-vs-aj-morton,match,2026 Pokémon Indianapolis Regional Championships,2026-05-31,2026-05-31,champions,Champions M-A,doubles,masters,Top 16,Evan Scott,AJ Morton,Evan Scott,https://www.youtube.com/watch?v=yEvyVhuwJtA,,https://standings.limitlessvgc.com/0033/pairings?round=13,https://rk9.gg/roster/IN02wbUMQOt2eNv12cgC,https://liquipedia.net/pokemon/Pokemon_Championships/Regional/Indianapolis/2026/VGC,1,queued,"stream=not listed on Liquipedia (on-stream status unconfirmed) | start_local=2026-05-31 | series=2-0 | vod_kind=day-stream VOD (D2) to check | teamlists: https://standings.limitlessvgc.com/0033/player/0385/teamlist ; https://standings.limitlessvgc.com/0033/player/0879/teamlist | src: https://liquipedia.net/pokemon/Pokemon_Championships/Regional/Indianapolis/2026/VGC (Liquipedia, via API 2026-09-28) ; https://standings.limitlessvgc.com/0033/pairings?round=13 (Limitless round 13, table 5: pairing+winner agree)"
2026-indianapolis-masters-top-16-nathaniel-sitler-vs-nick-navarre,match,2026 Pokémon Indianapolis Regional Championships,2026-05-31,2026-05-31,champions,Champions M-A,doubles,masters,Top 16,Nathaniel Sitler,Nick Navarre,Nick Navarre,https://www.youtube.com/watch?v=yEvyVhuwJtA,,https://standings.limitlessvgc.com/0033/pairings?round=13,https://rk9.gg/roster/IN02wbUMQOt2eNv12cgC,https://liquipedia.net/pokemon/Pokemon_Championships/Regional/Indianapolis/2026/VGC,1,queued,"stream=not listed on Liquipedia (on-stream status unconfirmed) | start_local=2026-05-31 12:45 EDT | series=1-2 | vod_kind=day-stream VOD (D2) to check | teamlists: https://standings.limitlessvgc.com/0033/player/0179/teamlist ; https://standings.limitlessvgc.com/0033/player/0933/teamlist | src: https://liquipedia.net/pokemon/Pokemon_Championships/Regional/Indianapolis/2026/VGC (Liquipedia, via API 2026-09-28) ; https://standings.limitlessvgc.com/0033/pairings?round=13 (Limitless round 13, table 1: pairing+winner agree)"
2026-indianapolis-masters-top-16-wolfe-glick-vs-patrick-dillon,match,2026 Pokémon Indianapolis Regional Championships,2026-05-31,2026-05-31,champions,Champions M-A,doubles,masters,Top 16,Wolfe Glick,Patrick Dillon,Wolfe Glick,https://www.youtube.com/watch?v=yEvyVhuwJtA,,https://standings.limitlessvgc.com/0033/pairings?round=13,https://rk9.gg/roster/IN02wbUMQOt2eNv12cgC,https://liquipedia.net/pokemon/Pokemon_Championships/Regional/Indianapolis/2026/VGC,1,queued,"stream=not listed on Liquipedia (on-stream status unconfirmed) | start_local=2026-05-31 | series=2-1 | vod_kind=day-stream VOD (D2) to check | teamlists: https://standings.limitlessvgc.com/0033/player/0836/teamlist ; https://standings.limitlessvgc.com/0033/player/0012/teamlist | src: https://liquipedia.net/pokemon/Pokemon_Championships/Regional/Indianapolis/2026/VGC (Liquipedia, via API 2026-09-28) ; https://standings.limitlessvgc.com/0033/pairings?round=13 (Limitless round 13, table 8: pairing+winner agree)"
2026-indianapolis-masters-quarterfinal-alex-underhill-vs-wolfe-glick,match,2026 Pokémon Indianapolis Regional Championships,2026-05-31,2026-05-31,champions,Champions M-A,doubles,masters,Quarterfinal,Alex Underhill,Wolfe Glick,Wolfe Glick,https://www.youtube.com/watch?v=yEvyVhuwJtA,,https://standings.limitlessvgc.com/0033/pairings?round=14,https://rk9.gg/roster/IN02wbUMQOt2eNv12cgC,https://liquipedia.net/pokemon/Pokemon_Championships/Regional/Indianapolis/2026/VGC,1,queued,"stream=not listed on Liquipedia (on-stream status unconfirmed) | start_local=2026-05-31 14:50 EDT | series=0-2 | vod_kind=day-stream VOD (D2) to check | teamlists: https://standings.limitlessvgc.com/0033/player/0864/teamlist ; https://standings.limitlessvgc.com/0033/player/0836/teamlist | src: https://liquipedia.net/pokemon/Pokemon_Championships/Regional/Indianapolis/2026/VGC (Liquipedia, via API 2026-09-28) ; https://standings.limitlessvgc.com/0033/pairings?round=14 (Limitless round 14, table 4: pairing+winner agree)"
2026-indianapolis-masters-quarterfinal-michael-zhang-vs-evan-scott,match,2026 Pokémon Indianapolis Regional Championships,2026-05-31,2026-05-31,champions,Champions M-A,doubles,masters,Quarterfinal,Michael Zhang,Evan Scott,Michael Zhang,https://www.youtube.com/watch?v=yEvyVhuwJtA,,https://standings.limitlessvgc.com/0033/pairings?round=14,https://rk9.gg/roster/IN02wbUMQOt2eNv12cgC,https://liquipedia.net/pokemon/Pokemon_Championships/Regional/Indianapolis/2026/VGC,1,queued,"stream=not listed on Liquipedia (on-stream status unconfirmed) | start_local=2026-05-31 14:15 EDT | series=2-1 | vod_kind=day-stream VOD (D2) to check | teamlists: https://standings.limitlessvgc.com/0033/player/0431/teamlist ; https://standings.limitlessvgc.com/0033/player/0385/teamlist | src: https://liquipedia.net/pokemon/Pokemon_Championships/Regional/Indianapolis/2026/VGC (Liquipedia, via API 2026-09-28) ; https://standings.limitlessvgc.com/0033/pairings?round=14 (Limitless round 14, table 3: pairing+winner agree)"
2026-indianapolis-masters-quarterfinal-nick-navarre-vs-mj-rogers,match,2026 Pokémon Indianapolis Regional Championships,2026-05-31,2026-05-31,champions,Champions M-A,doubles,masters,Quarterfinal,Nick Navarre,MJ Rogers,Nick Navarre,https://www.youtube.com/watch?v=yEvyVhuwJtA,,https://standings.limitlessvgc.com/0033/pairings?round=14,https://rk9.gg/roster/IN02wbUMQOt2eNv12cgC,https://liquipedia.net/pokemon/Pokemon_Championships/Regional/Indianapolis/2026/VGC,1,queued,"stream=not listed on Liquipedia (on-stream status unconfirmed) | start_local=2026-05-31 15:30 EDT | series=2-0 | vod_kind=day-stream VOD (D2) to check | teamlists: https://standings.limitlessvgc.com/0033/player/0933/teamlist ; https://standings.limitlessvgc.com/0033/player/0067/teamlist | src: https://liquipedia.net/pokemon/Pokemon_Championships/Regional/Indianapolis/2026/VGC (Liquipedia, via API 2026-09-28) ; https://standings.limitlessvgc.com/0033/pairings?round=14 (Limitless round 14, table 1: pairing+winner agree)"
2026-indianapolis-masters-quarterfinal-william-brown-vs-arsal-puri,match,2026 Pokémon Indianapolis Regional Championships,2026-05-31,2026-05-31,champions,Champions M-A,doubles,masters,Quarterfinal,William Brown,Arsal Puri,Arsal Puri,https://www.youtube.com/watch?v=yEvyVhuwJtA,,https://standings.limitlessvgc.com/0033/pairings?round=14,https://rk9.gg/roster/IN02wbUMQOt2eNv12cgC,https://liquipedia.net/pokemon/Pokemon_Championships/Regional/Indianapolis/2026/VGC,1,queued,"stream=not listed on Liquipedia (on-stream status unconfirmed) | start_local=2026-05-31 13:35 EDT | series=1-2 | vod_kind=day-stream VOD (D2) to check | teamlists: https://standings.limitlessvgc.com/0033/player/0907/teamlist ; https://standings.limitlessvgc.com/0033/player/0366/teamlist | src: https://liquipedia.net/pokemon/Pokemon_Championships/Regional/Indianapolis/2026/VGC (Liquipedia, via API 2026-09-28) ; https://standings.limitlessvgc.com/0033/pairings?round=14 (Limitless round 14, table 2: pairing+winner agree)"
2026-indianapolis-masters-semifinal-michael-zhang-vs-wolfe-glick,match,2026 Pokémon Indianapolis Regional Championships,2026-05-31,2026-05-31,champions,Champions M-A,doubles,masters,Semifinal,Michael Zhang,Wolfe Glick,Wolfe Glick,https://www.youtube.com/watch?v=vEHhu1xlUjg,,https://standings.limitlessvgc.com/0033/pairings?round=15,https://rk9.gg/roster/IN02wbUMQOt2eNv12cgC,https://liquipedia.net/pokemon/Pokemon_Championships/Regional/Indianapolis/2026/VGC,1,queued,"stream=official broadcast (confirmed by the Play! Pokémon per-match upload; not listed on Liquipedia) | start_local=2026-05-31 16:00 EDT | series=0-2 | vod_kind=per-match upload (Play! Pokémon) | teamlists: https://standings.limitlessvgc.com/0033/player/0431/teamlist ; https://standings.limitlessvgc.com/0033/player/0836/teamlist | src: https://liquipedia.net/pokemon/Pokemon_Championships/Regional/Indianapolis/2026/VGC (Liquipedia, via API 2026-09-28) ; https://standings.limitlessvgc.com/0033/pairings?round=15 (Limitless round 15, table 2: pairing+winner agree) | day/stream VOD: https://youtu.be/yEvyVhuwJtA"
2026-indianapolis-masters-semifinal-nick-navarre-vs-arsal-puri,match,2026 Pokémon Indianapolis Regional Championships,2026-05-31,2026-05-31,champions,Champions M-A,doubles,masters,Semifinal,Nick Navarre,Arsal Puri,Arsal Puri,https://www.youtube.com/watch?v=5-hAGp7f0AM,,https://standings.limitlessvgc.com/0033/pairings?round=15,https://rk9.gg/roster/IN02wbUMQOt2eNv12cgC,https://liquipedia.net/pokemon/Pokemon_Championships/Regional/Indianapolis/2026/VGC,1,queued,"stream=official broadcast (confirmed by the Play! Pokémon per-match upload; not listed on Liquipedia) | start_local=2026-05-31 16:30 EDT | series=0-2 | vod_kind=per-match upload (Play! Pokémon) | teamlists: https://standings.limitlessvgc.com/0033/player/0933/teamlist ; https://standings.limitlessvgc.com/0033/player/0366/teamlist | src: https://liquipedia.net/pokemon/Pokemon_Championships/Regional/Indianapolis/2026/VGC (Liquipedia, via API 2026-09-28) ; https://standings.limitlessvgc.com/0033/pairings?round=15 (Limitless round 15, table 1: pairing+winner agree) | day/stream VOD: https://youtu.be/yEvyVhuwJtA"
2026-indianapolis-masters-final-arsal-puri-vs-wolfe-glick,match,2026 Pokémon Indianapolis Regional Championships,2026-05-31,2026-05-31,champions,Champions M-A,doubles,masters,Final,Arsal Puri,Wolfe Glick,Arsal Puri,https://www.youtube.com/watch?v=m8Lg5yy4kE8,,https://standings.limitlessvgc.com/0033/pairings?round=16,https://rk9.gg/roster/IN02wbUMQOt2eNv12cgC,https://liquipedia.net/pokemon/Pokemon_Championships/Regional/Indianapolis/2026/VGC,1,queued,"stream=official broadcast (confirmed by the Play! Pokémon per-match upload; not listed on Liquipedia) | start_local=2026-05-31 17:10 EDT | series=2-0 | vod_kind=per-match upload (Play! Pokémon) | teamlists: https://standings.limitlessvgc.com/0033/player/0366/teamlist ; https://standings.limitlessvgc.com/0033/player/0836/teamlist | src: https://liquipedia.net/pokemon/Pokemon_Championships/Regional/Indianapolis/2026/VGC (Liquipedia, via API 2026-09-28) ; https://standings.limitlessvgc.com/0033/pairings?round=16 (Limitless round 16, table 1: pairing+winner agree) | day/stream VOD: https://youtu.be/yEvyVhuwJtA"
2026-japan,event,"Pokémon Japan Championships 2026 (PJCS2026, game division)",2026-06-06,2026-06-07,champions,Champions M-A,doubles,,,,,Hiroshi Onishi,https://www.youtube.com/watch?v=u-aSYWCrajE,,https://victoryroad.pro/2026-japan/,https://victoryroad.pro/2026-japan/,,1,queued,broadcast=official (Play! Pokémon / regional Pokémon Company channel) | vods: D1 https://youtu.be/DprLmBIjHSk [Pokémon JP official]; D2 https://youtu.be/u-aSYWCrajE [Pokémon JP official] | sources: https://victoryroad.pro/2026-season-calendar/ | Japanese-language broadcast. Format per VR: 7 Bo1 Swiss + Bo3 top 64; closed team lists until top 16. Liquipedia has no VGC page for it (API: missing).
2026-japan-masters-final-hiroshi-onishi-vs-rintaro-arai,match,"Pokémon Japan Championships 2026 (PJCS2026, game division)",2026-06-07,2026-06-07,champions,Champions M-A,doubles,masters,Final,Hiroshi Onishi,Rintaro Arai,Hiroshi Onishi,https://www.youtube.com/watch?v=u-aSYWCrajE,,https://victoryroad.pro/2026-japan/,https://victoryroad.pro/2026-japan/,,1,queued,"stream=official broadcast (Pokémon JP official) | start_local=2026-06-07 (date of final not published; last event day) | series=not published | vod_kind=day-stream VOD (D2; final assumed on the last day) | pairing derived from the Victory Road final-standings table (1st vs 2nd in a single-elimination cut); no bracket page with game scores found | src: https://victoryroad.pro/2026-japan/ (read from the raw page, 2026-09-28)"
2026-turin,event,2026 Pokémon Turin Special Championships,2026-06-06,2026-06-07,champions,Champions M-A,doubles,,,,,Marco Silva,https://www.youtube.com/watch?v=xLRUsdJ6Z_8,,https://standings.limitlessvgc.com/0034/standings,https://rk9.gg/roster/TU02wKzv4cT2BBiI9dEg,https://liquipedia.net/pokemon/Pokemon_Championships/Special_Event/Turin/2026/VGC,1,queued,"broadcast=official (Play! Pokémon / regional Pokémon Company channel) | vods: D1 https://youtu.be/qqBvFQ2q-GY [Play Pokémon]; D1 mirror https://youtu.be/Kt8S8HQ7qEo [Official Pokémon]; D2 https://youtu.be/xLRUsdJ6Z_8 [Official Pokémon]; Masters final https://youtu.be/OpuNT8kGJxc [Play Pokémon] | sources: https://victoryroad.pro/2026-season-calendar/ , https://victoryroad.pro/2026-turin/ , https://rk9.gg/pairings/TU02wKzv4cT2BBiI9dEg"
2026-turin-masters-r2-jamie-boyt-vs-lorenzo-antognoni,match,2026 Pokémon Turin Special Championships,2026-06-06,2026-06-06,champions,Champions M-A,doubles,masters,R2,Jamie Boyt,Lorenzo Antognoni,Jamie Boyt,https://www.youtube.com/watch?v=qqBvFQ2q-GY,,https://standings.limitlessvgc.com/0034/pairings?round=2,https://rk9.gg/roster/TU02wKzv4cT2BBiI9dEg,https://liquipedia.net/pokemon/Pokemon_Championships/Special_Event/Turin/2026/VGC,1,queued,"stream=main stream (Pokémon) | start_local=2026-06-06 | series=2-1 | vod_kind=day-stream VOD (D1, matched by date) | teamlists: https://standings.limitlessvgc.com/0034/player/0140/teamlist ; https://standings.limitlessvgc.com/0034/player/0767/teamlist | src: https://liquipedia.net/pokemon/Pokemon_Championships/Special_Event/Turin/2026/VGC (Liquipedia, via API 2026-09-28) ; https://standings.limitlessvgc.com/0034/pairings?round=2 (Limitless round 2, table 184: pairing+winner agree)"
2026-turin-masters-r3-arash-ommati-vs-roi-gomez-garcia,match,2026 Pokémon Turin Special Championships,2026-06-06,2026-06-06,champions,Champions M-A,doubles,masters,R3,Arash Ommati,Roi Gómez García,Arash Ommati,https://www.youtube.com/watch?v=qqBvFQ2q-GY,,https://standings.limitlessvgc.com/0034/pairings?round=3,https://rk9.gg/roster/TU02wKzv4cT2BBiI9dEg,https://liquipedia.net/pokemon/Pokemon_Championships/Special_Event/Turin/2026/VGC,1,queued,"stream=main stream (Pokémon) | start_local=2026-06-06 | series=2-0 | vod_kind=day-stream VOD (D1, matched by date) | teamlists: https://standings.limitlessvgc.com/0034/player/0402/teamlist ; https://standings.limitlessvgc.com/0034/player/0399/teamlist | src: https://liquipedia.net/pokemon/Pokemon_Championships/Special_Event/Turin/2026/VGC (Liquipedia, via API 2026-09-28) ; https://standings.limitlessvgc.com/0034/pairings?round=3 (Limitless round 3, table 99: pairing+winner agree)"
2026-turin-masters-r4-flavio-del-pidio-vs-giulio-tarlao,match,2026 Pokémon Turin Special Championships,2026-06-06,2026-06-06,champions,Champions M-A,doubles,masters,R4,Flavio Del Pidio,Giulio Tarlao,Flavio Del Pidio,https://www.youtube.com/watch?v=qqBvFQ2q-GY,,https://standings.limitlessvgc.com/0034/pairings?round=4,https://rk9.gg/roster/TU02wKzv4cT2BBiI9dEg,https://liquipedia.net/pokemon/Pokemon_Championships/Special_Event/Turin/2026/VGC,1,queued,"stream=main stream (Pokémon) | start_local=2026-06-06 | series=2-0 | vod_kind=day-stream VOD (D1, matched by date) | teamlists: https://standings.limitlessvgc.com/0034/player/0671/teamlist ; https://standings.limitlessvgc.com/0034/player/0687/teamlist | src: https://liquipedia.net/pokemon/Pokemon_Championships/Special_Event/Turin/2026/VGC (Liquipedia, via API 2026-09-28) ; https://standings.limitlessvgc.com/0034/pairings?round=4 (Limitless round 4, table 72: pairing+winner agree)"
2026-turin-masters-r5-bruno-marotta-vs-nico-davide-cognetta,match,2026 Pokémon Turin Special Championships,2026-06-06,2026-06-06,champions,Champions M-A,doubles,masters,R5,Bruno Marotta,Nico Davide Cognetta,Nico Davide Cognetta,https://www.youtube.com/watch?v=qqBvFQ2q-GY,,https://standings.limitlessvgc.com/0034/pairings?round=5,https://rk9.gg/roster/TU02wKzv4cT2BBiI9dEg,https://liquipedia.net/pokemon/Pokemon_Championships/Special_Event/Turin/2026/VGC,1,queued,"stream=main stream (Pokémon) | start_local=2026-06-06 | series=0-2 | vod_kind=day-stream VOD (D1, matched by date) | teamlists: https://standings.limitlessvgc.com/0034/player/0355/teamlist ; https://standings.limitlessvgc.com/0034/player/0618/teamlist | src: https://liquipedia.net/pokemon/Pokemon_Championships/Special_Event/Turin/2026/VGC (Liquipedia, via API 2026-09-28) ; https://standings.limitlessvgc.com/0034/pairings?round=5 (Limitless round 5, table 69: pairing+winner agree)"
2026-turin-masters-r6-alex-soto-vs-francesco-magurno,match,2026 Pokémon Turin Special Championships,2026-06-06,2026-06-06,champions,Champions M-A,doubles,masters,R6,Alex Soto,Francesco Magurno,Alex Soto,https://www.youtube.com/watch?v=qqBvFQ2q-GY,,https://standings.limitlessvgc.com/0034/pairings?round=6,https://rk9.gg/roster/TU02wKzv4cT2BBiI9dEg,https://liquipedia.net/pokemon/Pokemon_Championships/Special_Event/Turin/2026/VGC,1,queued,"stream=main stream (Pokémon) | start_local=2026-06-06 | series=2-0 | vod_kind=day-stream VOD (D1, matched by date) | teamlists: https://standings.limitlessvgc.com/0034/player/0368/teamlist ; https://standings.limitlessvgc.com/0034/player/0119/teamlist | src: https://liquipedia.net/pokemon/Pokemon_Championships/Special_Event/Turin/2026/VGC (Liquipedia, via API 2026-09-28) ; https://standings.limitlessvgc.com/0034/pairings?round=6 (Limitless round 6, table 53: pairing+winner agree)"
2026-turin-masters-r7-jannik-koch-vs-sali-resuli,match,2026 Pokémon Turin Special Championships,2026-06-06,2026-06-06,champions,Champions M-A,doubles,masters,R7,Jannik Koch,Sali Resuli,Sali Resuli,https://www.youtube.com/watch?v=qqBvFQ2q-GY,,https://standings.limitlessvgc.com/0034/pairings?round=7,https://rk9.gg/roster/TU02wKzv4cT2BBiI9dEg,https://liquipedia.net/pokemon/Pokemon_Championships/Special_Event/Turin/2026/VGC,1,queued,"stream=main stream (Pokémon) | start_local=2026-06-06 | series=1-2 | vod_kind=day-stream VOD (D1, matched by date) | teamlists: https://standings.limitlessvgc.com/0034/player/0386/teamlist ; https://standings.limitlessvgc.com/0034/player/0047/teamlist | src: https://liquipedia.net/pokemon/Pokemon_Championships/Special_Event/Turin/2026/VGC (Liquipedia, via API 2026-09-28) ; https://standings.limitlessvgc.com/0034/pairings?round=7 (Limitless round 7, table 94: pairing+winner agree)"
2026-turin-masters-r8-jorge-ramirez-vs-markus-hamann,match,2026 Pokémon Turin Special Championships,2026-06-06,2026-06-06,champions,Champions M-A,doubles,masters,R8,Jorge Ramírez,Markus Hamann,Markus Hamann,https://www.youtube.com/watch?v=qqBvFQ2q-GY,,https://standings.limitlessvgc.com/0034/pairings?round=8,https://rk9.gg/roster/TU02wKzv4cT2BBiI9dEg,https://liquipedia.net/pokemon/Pokemon_Championships/Special_Event/Turin/2026/VGC,1,queued,"stream=main stream (Pokémon) | start_local=2026-06-06 | series=0-2 | vod_kind=day-stream VOD (D1, matched by date) | teamlists: https://standings.limitlessvgc.com/0034/player/0087/teamlist ; https://standings.limitlessvgc.com/0034/player/0241/teamlist | src: https://liquipedia.net/pokemon/Pokemon_Championships/Special_Event/Turin/2026/VGC (Liquipedia, via API 2026-09-28) ; https://standings.limitlessvgc.com/0034/pairings?round=8 (Limitless round 8, table 122: pairing+winner agree)"
2026-turin-masters-r9-giuseppe-musicco-vs-federico-camporesi,match,2026 Pokémon Turin Special Championships,2026-06-06,2026-06-06,champions,Champions M-A,doubles,masters,R9,Giuseppe Musicco,Federico Camporesi,Giuseppe Musicco,https://www.youtube.com/watch?v=qqBvFQ2q-GY,,https://standings.limitlessvgc.com/0034/pairings?round=9,https://rk9.gg/roster/TU02wKzv4cT2BBiI9dEg,https://liquipedia.net/pokemon/Pokemon_Championships/Special_Event/Turin/2026/VGC,1,queued,"stream=main stream (Pokémon) | start_local=2026-06-06 | series=2-1 | vod_kind=day-stream VOD (D1, matched by date) | teamlists: https://standings.limitlessvgc.com/0034/player/0228/teamlist ; https://standings.limitlessvgc.com/0034/player/0731/teamlist | src: https://liquipedia.net/pokemon/Pokemon_Championships/Special_Event/Turin/2026/VGC (Liquipedia, via API 2026-09-28) ; https://standings.limitlessvgc.com/0034/pairings?round=9 (Limitless round 9, table 41: pairing+winner agree)"
2026-turin-masters-r11-lorenzo-profeta-vs-juan-pescador,match,2026 Pokémon Turin Special Championships,2026-06-07,2026-06-07,champions,Champions M-A,doubles,masters,R11,Lorenzo Profeta,Juan Pescador,Lorenzo Profeta,https://www.youtube.com/watch?v=xLRUsdJ6Z_8,,https://standings.limitlessvgc.com/0034/pairings?round=11,https://rk9.gg/roster/TU02wKzv4cT2BBiI9dEg,https://liquipedia.net/pokemon/Pokemon_Championships/Special_Event/Turin/2026/VGC,1,queued,"stream=main stream (Pokémon) | start_local=2026-06-07 | series=2-1 | vod_kind=day-stream VOD (D2, matched by date) | teamlists: https://standings.limitlessvgc.com/0034/player/0544/teamlist ; https://standings.limitlessvgc.com/0034/player/0815/teamlist | src: https://liquipedia.net/pokemon/Pokemon_Championships/Special_Event/Turin/2026/VGC (Liquipedia, via API 2026-09-28) ; https://standings.limitlessvgc.com/0034/pairings?round=11 (Limitless round 11, table 4: pairing+winner agree)"
2026-turin-masters-r12-roberto-parente-vs-arash-ommati,match,2026 Pokémon Turin Special Championships,2026-06-07,2026-06-07,champions,Champions M-A,doubles,masters,R12,Roberto Parente,Arash Ommati,Arash Ommati,https://www.youtube.com/watch?v=xLRUsdJ6Z_8,,https://standings.limitlessvgc.com/0034/pairings?round=12,https://rk9.gg/roster/TU02wKzv4cT2BBiI9dEg,https://liquipedia.net/pokemon/Pokemon_Championships/Special_Event/Turin/2026/VGC,1,queued,"stream=main stream (Pokémon) | start_local=2026-06-07 | series=1-2 | vod_kind=day-stream VOD (D2, matched by date) | teamlists: https://standings.limitlessvgc.com/0034/player/0231/teamlist ; https://standings.limitlessvgc.com/0034/player/0402/teamlist | src: https://liquipedia.net/pokemon/Pokemon_Championships/Special_Event/Turin/2026/VGC (Liquipedia, via API 2026-09-28) ; https://standings.limitlessvgc.com/0034/pairings?round=12 (Limitless round 12, table 8: pairing+winner agree)"
2026-turin-masters-top-16-arash-ommati-vs-joey-davey,match,2026 Pokémon Turin Special Championships,2026-06-07,2026-06-07,champions,Champions M-A,doubles,masters,Top 16,Arash Ommati,Joey Davey,Arash Ommati,https://www.youtube.com/watch?v=xLRUsdJ6Z_8,,https://standings.limitlessvgc.com/0034/pairings?round=13,https://rk9.gg/roster/TU02wKzv4cT2BBiI9dEg,https://liquipedia.net/pokemon/Pokemon_Championships/Special_Event/Turin/2026/VGC,1,queued,"stream=not listed on Liquipedia (on-stream status unconfirmed) | start_local=2026-06-07 | series=2-0 | vod_kind=day-stream VOD (D2) to check | teamlists: https://standings.limitlessvgc.com/0034/player/0402/teamlist ; https://standings.limitlessvgc.com/0034/player/0425/teamlist | src: https://liquipedia.net/pokemon/Pokemon_Championships/Special_Event/Turin/2026/VGC (Liquipedia, via API 2026-09-28) ; https://standings.limitlessvgc.com/0034/pairings?round=13 (Limitless round 13, table 8: pairing+winner agree)"
2026-turin-masters-top-16-giuseppe-musicco-vs-victor-medina,match,2026 Pokémon Turin Special Championships,2026-06-07,2026-06-07,champions,Champions M-A,doubles,masters,Top 16,Giuseppe Musicco,Víctor Medina,Giuseppe Musicco,https://www.youtube.com/watch?v=xLRUsdJ6Z_8,,https://standings.limitlessvgc.com/0034/pairings?round=13,https://rk9.gg/roster/TU02wKzv4cT2BBiI9dEg,https://liquipedia.net/pokemon/Pokemon_Championships/Special_Event/Turin/2026/VGC,1,queued,"stream=not listed on Liquipedia (on-stream status unconfirmed) | start_local=2026-06-07 | series=2-1 | vod_kind=day-stream VOD (D2) to check | teamlists: https://standings.limitlessvgc.com/0034/player/0228/teamlist ; https://standings.limitlessvgc.com/0034/player/0656/teamlist | src: https://liquipedia.net/pokemon/Pokemon_Championships/Special_Event/Turin/2026/VGC (Liquipedia, via API 2026-09-28) ; https://standings.limitlessvgc.com/0034/pairings?round=13 (Limitless round 13, table 6: pairing+winner agree)"
2026-turin-masters-top-16-lorenzo-profeta-vs-nicholas-belometti,match,2026 Pokémon Turin Special Championships,2026-06-07,2026-06-07,champions,Champions M-A,doubles,masters,Top 16,Lorenzo Profeta,Nicholas Belometti,Lorenzo Profeta,https://www.youtube.com/watch?v=xLRUsdJ6Z_8,,https://standings.limitlessvgc.com/0034/pairings?round=13,https://rk9.gg/roster/TU02wKzv4cT2BBiI9dEg,https://liquipedia.net/pokemon/Pokemon_Championships/Special_Event/Turin/2026/VGC,1,queued,"stream=not listed on Liquipedia (on-stream status unconfirmed) | start_local=2026-06-07 | series=2-0 | vod_kind=day-stream VOD (D2) to check | teamlists: https://standings.limitlessvgc.com/0034/player/0544/teamlist ; https://standings.limitlessvgc.com/0034/player/0566/teamlist | src: https://liquipedia.net/pokemon/Pokemon_Championships/Special_Event/Turin/2026/VGC (Liquipedia, via API 2026-09-28) ; https://standings.limitlessvgc.com/0034/pairings?round=13 (Limitless round 13, table 1: pairing+winner agree)"
2026-turin-masters-top-16-louis-fontvieille-vs-francesco-pio-pero,match,2026 Pokémon Turin Special Championships,2026-06-07,2026-06-07,champions,Champions M-A,doubles,masters,Top 16,Louis Fontvieille,Francesco Pio Pero,Louis Fontvieille,https://www.youtube.com/watch?v=xLRUsdJ6Z_8,,https://standings.limitlessvgc.com/0034/pairings?round=13,https://rk9.gg/roster/TU02wKzv4cT2BBiI9dEg,https://liquipedia.net/pokemon/Pokemon_Championships/Special_Event/Turin/2026/VGC,1,queued,"stream=not listed on Liquipedia (on-stream status unconfirmed) | start_local=2026-06-07 | series=2-1 | vod_kind=day-stream VOD (D2) to check | teamlists: https://standings.limitlessvgc.com/0034/player/0599/teamlist ; https://standings.limitlessvgc.com/0034/player/0136/teamlist | src: https://liquipedia.net/pokemon/Pokemon_Championships/Special_Event/Turin/2026/VGC (Liquipedia, via API 2026-09-28) ; https://standings.limitlessvgc.com/0034/pairings?round=13 (Limitless round 13, table 3: pairing+winner agree)"
2026-turin-masters-top-16-marco-silva-vs-nelson-fonkua,match,2026 Pokémon Turin Special Championships,2026-06-07,2026-06-07,champions,Champions M-A,doubles,masters,Top 16,Marco Silva,Nelson Fonkua,Marco Silva,https://www.youtube.com/watch?v=xLRUsdJ6Z_8,,https://standings.limitlessvgc.com/0034/pairings?round=13,https://rk9.gg/roster/TU02wKzv4cT2BBiI9dEg,https://liquipedia.net/pokemon/Pokemon_Championships/Special_Event/Turin/2026/VGC,1,queued,"stream=not listed on Liquipedia (on-stream status unconfirmed) | start_local=2026-06-07 | series=2-0 | vod_kind=day-stream VOD (D2) to check | teamlists: https://standings.limitlessvgc.com/0034/player/0750/teamlist ; https://standings.limitlessvgc.com/0034/player/0834/teamlist | src: https://liquipedia.net/pokemon/Pokemon_Championships/Special_Event/Turin/2026/VGC (Liquipedia, via API 2026-09-28) ; https://standings.limitlessvgc.com/0034/pairings?round=13 (Limitless round 13, table 7: pairing+winner agree) | Limitless spelling: Nelson Fonkoua vs Marco Hemantha Kaludura Silva -> Silva"
2026-turin-masters-top-16-matteo-ballini-vs-davide-carrer,match,2026 Pokémon Turin Special Championships,2026-06-07,2026-06-07,champions,Champions M-A,doubles,masters,Top 16,Matteo Ballini,Davide Carrer,Davide Carrer,https://www.youtube.com/watch?v=xLRUsdJ6Z_8,,https://standings.limitlessvgc.com/0034/pairings?round=13,https://rk9.gg/roster/TU02wKzv4cT2BBiI9dEg,https://liquipedia.net/pokemon/Pokemon_Championships/Special_Event/Turin/2026/VGC,1,queued,"stream=not listed on Liquipedia (on-stream status unconfirmed) | start_local=2026-06-07 | series=1-2 | vod_kind=day-stream VOD (D2) to check | teamlists: https://standings.limitlessvgc.com/0034/player/0278/teamlist ; https://standings.limitlessvgc.com/0034/player/0511/teamlist | src: https://liquipedia.net/pokemon/Pokemon_Championships/Special_Event/Turin/2026/VGC (Liquipedia, via API 2026-09-28) ; https://standings.limitlessvgc.com/0034/pairings?round=13 (Limitless round 13, table 4: pairing+winner agree)"
2026-turin-masters-top-16-matteo-ghisini-vs-giulio-tarlao,match,2026 Pokémon Turin Special Championships,2026-06-07,2026-06-07,champions,Champions M-A,doubles,masters,Top 16,Matteo Ghisini,Giulio Tarlao,Matteo Ghisini,https://www.youtube.com/watch?v=xLRUsdJ6Z_8,,https://standings.limitlessvgc.com/0034/pairings?round=13,https://rk9.gg/roster/TU02wKzv4cT2BBiI9dEg,https://liquipedia.net/pokemon/Pokemon_Championships/Special_Event/Turin/2026/VGC,1,queued,"stream=not listed on Liquipedia (on-stream status unconfirmed) | start_local=2026-06-07 | series=2-1 | vod_kind=day-stream VOD (D2) to check | teamlists: https://standings.limitlessvgc.com/0034/player/0107/teamlist ; https://standings.limitlessvgc.com/0034/player/0687/teamlist | src: https://liquipedia.net/pokemon/Pokemon_Championships/Special_Event/Turin/2026/VGC (Liquipedia, via API 2026-09-28) ; https://standings.limitlessvgc.com/0034/pairings?round=13 (Limitless round 13, table 9: pairing+winner agree)"
2026-turin-masters-top-16-nico-davide-cognetta-vs-louis-markl,match,2026 Pokémon Turin Special Championships,2026-06-07,2026-06-07,champions,Champions M-A,doubles,masters,Top 16,Nico Davide Cognetta,Louis Markl,Louis Markl,https://www.youtube.com/watch?v=xLRUsdJ6Z_8,,https://standings.limitlessvgc.com/0034/pairings?round=13,https://rk9.gg/roster/TU02wKzv4cT2BBiI9dEg,https://liquipedia.net/pokemon/Pokemon_Championships/Special_Event/Turin/2026/VGC,1,queued,"stream=not listed on Liquipedia (on-stream status unconfirmed) | start_local=2026-06-07 | series=0-2 | vod_kind=day-stream VOD (D2) to check | teamlists: https://standings.limitlessvgc.com/0034/player/0618/teamlist ; https://standings.limitlessvgc.com/0034/player/0449/teamlist | src: https://liquipedia.net/pokemon/Pokemon_Championships/Special_Event/Turin/2026/VGC (Liquipedia, via API 2026-09-28) ; https://standings.limitlessvgc.com/0034/pairings?round=13 (Limitless round 13, table 5: pairing+winner agree)"
2026-turin-masters-quarterfinal-arash-ommati-vs-matteo-ghisini,match,2026 Pokémon Turin Special Championships,2026-06-07,2026-06-07,champions,Champions M-A,doubles,masters,Quarterfinal,Arash Ommati,Matteo Ghisini,Arash Ommati,https://www.youtube.com/watch?v=xLRUsdJ6Z_8,,https://standings.limitlessvgc.com/0034/pairings?round=14,https://rk9.gg/roster/TU02wKzv4cT2BBiI9dEg,https://liquipedia.net/pokemon/Pokemon_Championships/Special_Event/Turin/2026/VGC,1,queued,"stream=not listed on Liquipedia (on-stream status unconfirmed) | start_local=2026-06-07 | series=2-1 | vod_kind=day-stream VOD (D2) to check | teamlists: https://standings.limitlessvgc.com/0034/player/0402/teamlist ; https://standings.limitlessvgc.com/0034/player/0107/teamlist | src: https://liquipedia.net/pokemon/Pokemon_Championships/Special_Event/Turin/2026/VGC (Liquipedia, via API 2026-09-28) ; https://standings.limitlessvgc.com/0034/pairings?round=14 (Limitless round 14, table 5: pairing+winner agree)"
2026-turin-masters-quarterfinal-davide-carrer-vs-louis-markl,match,2026 Pokémon Turin Special Championships,2026-06-07,2026-06-07,champions,Champions M-A,doubles,masters,Quarterfinal,Davide Carrer,Louis Markl,Davide Carrer,https://www.youtube.com/watch?v=xLRUsdJ6Z_8,,https://standings.limitlessvgc.com/0034/pairings?round=14,https://rk9.gg/roster/TU02wKzv4cT2BBiI9dEg,https://liquipedia.net/pokemon/Pokemon_Championships/Special_Event/Turin/2026/VGC,1,queued,"stream=not listed on Liquipedia (on-stream status unconfirmed) | start_local=2026-06-07 | series=2-1 | vod_kind=day-stream VOD (D2) to check | teamlists: https://standings.limitlessvgc.com/0034/player/0511/teamlist ; https://standings.limitlessvgc.com/0034/player/0449/teamlist | src: https://liquipedia.net/pokemon/Pokemon_Championships/Special_Event/Turin/2026/VGC (Liquipedia, via API 2026-09-28) ; https://standings.limitlessvgc.com/0034/pairings?round=14 (Limitless round 14, table 3: pairing+winner agree)"
2026-turin-masters-quarterfinal-lorenzo-profeta-vs-louis-fontvieille,match,2026 Pokémon Turin Special Championships,2026-06-07,2026-06-07,champions,Champions M-A,doubles,masters,Quarterfinal,Lorenzo Profeta,Louis Fontvieille,Louis Fontvieille,https://www.youtube.com/watch?v=xLRUsdJ6Z_8,,https://standings.limitlessvgc.com/0034/pairings?round=14,https://rk9.gg/roster/TU02wKzv4cT2BBiI9dEg,https://liquipedia.net/pokemon/Pokemon_Championships/Special_Event/Turin/2026/VGC,1,queued,"stream=not listed on Liquipedia (on-stream status unconfirmed) | start_local=2026-06-07 | series=1-2 | vod_kind=day-stream VOD (D2) to check | teamlists: https://standings.limitlessvgc.com/0034/player/0544/teamlist ; https://standings.limitlessvgc.com/0034/player/0599/teamlist | src: https://liquipedia.net/pokemon/Pokemon_Championships/Special_Event/Turin/2026/VGC (Liquipedia, via API 2026-09-28) ; https://standings.limitlessvgc.com/0034/pairings?round=14 (Limitless round 14, table 1: pairing+winner agree)"
2026-turin-masters-quarterfinal-marco-silva-vs-giuseppe-musicco,match,2026 Pokémon Turin Special Championships,2026-06-07,2026-06-07,champions,Champions M-A,doubles,masters,Quarterfinal,Marco Silva,Giuseppe Musicco,Marco Silva,https://www.youtube.com/watch?v=xLRUsdJ6Z_8,,https://standings.limitlessvgc.com/0034/pairings?round=14,https://rk9.gg/roster/TU02wKzv4cT2BBiI9dEg,https://liquipedia.net/pokemon/Pokemon_Championships/Special_Event/Turin/2026/VGC,1,queued,"stream=not listed on Liquipedia (on-stream status unconfirmed) | start_local=2026-06-07 | series=2-0 | vod_kind=day-stream VOD (D2) to check | teamlists: https://standings.limitlessvgc.com/0034/player/0750/teamlist ; https://standings.limitlessvgc.com/0034/player/0228/teamlist | src: https://liquipedia.net/pokemon/Pokemon_Championships/Special_Event/Turin/2026/VGC (Liquipedia, via API 2026-09-28) ; https://standings.limitlessvgc.com/0034/pairings?round=14 (Limitless round 14, table 4: pairing+winner agree)"
2026-turin-masters-semifinal-louis-fontvieille-vs-davide-carrer,match,2026 Pokémon Turin Special Championships,2026-06-07,2026-06-07,champions,Champions M-A,doubles,masters,Semifinal,Louis Fontvieille,Davide Carrer,Louis Fontvieille,https://www.youtube.com/watch?v=2c0MWxlkk0w,,https://standings.limitlessvgc.com/0034/pairings?round=15,https://rk9.gg/roster/TU02wKzv4cT2BBiI9dEg,https://liquipedia.net/pokemon/Pokemon_Championships/Special_Event/Turin/2026/VGC,1,queued,"stream=official broadcast (confirmed by the Play! Pokémon per-match upload; not listed on Liquipedia) | start_local=2026-06-07 | series=2-1 | vod_kind=per-match upload (Play! Pokémon) | teamlists: https://standings.limitlessvgc.com/0034/player/0599/teamlist ; https://standings.limitlessvgc.com/0034/player/0511/teamlist | src: https://liquipedia.net/pokemon/Pokemon_Championships/Special_Event/Turin/2026/VGC (Liquipedia, via API 2026-09-28) ; https://standings.limitlessvgc.com/0034/pairings?round=15 (Limitless round 15, table 1: pairing+winner agree) | day/stream VOD: https://youtu.be/xLRUsdJ6Z_8"
2026-turin-masters-semifinal-marco-silva-vs-arash-ommati,match,2026 Pokémon Turin Special Championships,2026-06-07,2026-06-07,champions,Champions M-A,doubles,masters,Semifinal,Marco Silva,Arash Ommati,Marco Silva,https://www.youtube.com/watch?v=vuaFSYoWazM,,https://standings.limitlessvgc.com/0034/pairings?round=15,https://rk9.gg/roster/TU02wKzv4cT2BBiI9dEg,https://liquipedia.net/pokemon/Pokemon_Championships/Special_Event/Turin/2026/VGC,1,queued,"stream=official broadcast (confirmed by the Play! Pokémon per-match upload; not listed on Liquipedia) | start_local=2026-06-07 | series=2-1 | vod_kind=per-match upload (Play! Pokémon) | teamlists: https://standings.limitlessvgc.com/0034/player/0750/teamlist ; https://standings.limitlessvgc.com/0034/player/0402/teamlist | src: https://liquipedia.net/pokemon/Pokemon_Championships/Special_Event/Turin/2026/VGC (Liquipedia, via API 2026-09-28) ; https://standings.limitlessvgc.com/0034/pairings?round=15 (Limitless round 15, table 3: pairing+winner agree) | day/stream VOD: https://youtu.be/xLRUsdJ6Z_8"
2026-turin-masters-final-louis-fontvieille-vs-marco-silva,match,2026 Pokémon Turin Special Championships,2026-06-07,2026-06-07,champions,Champions M-A,doubles,masters,Final,Louis Fontvieille,Marco Silva,Marco Silva,https://www.youtube.com/watch?v=OpuNT8kGJxc,,https://standings.limitlessvgc.com/0034/pairings?round=16,https://rk9.gg/roster/TU02wKzv4cT2BBiI9dEg,https://liquipedia.net/pokemon/Pokemon_Championships/Special_Event/Turin/2026/VGC,1,queued,"stream=official broadcast (confirmed by the Play! Pokémon per-match upload; not listed on Liquipedia) | start_local=2026-06-07 | series=1-2 | vod_kind=per-match upload (Play! Pokémon) | teamlists: https://standings.limitlessvgc.com/0034/player/0599/teamlist ; https://standings.limitlessvgc.com/0034/player/0750/teamlist | src: https://liquipedia.net/pokemon/Pokemon_Championships/Special_Event/Turin/2026/VGC (Liquipedia, via API 2026-09-28) ; https://standings.limitlessvgc.com/0034/pairings?round=16 (Limitless round 16, table 1: pairing+winner agree) | day/stream VOD: https://youtu.be/xLRUsdJ6Z_8"
2026-naic,event,2026 Pokémon North America International Championships (New Orleans),2026-06-12,2026-06-14,champions,Champions M-A,doubles,,,,,Francesco Pio Pero,https://www.youtube.com/watch?v=OGIDk9YcLZI,,https://standings.limitlessvgc.com/0035/standings,https://rk9.gg/roster/NA02wgUPFDXKmQmqILwS,https://liquipedia.net/pokemon/Pokemon_Championships/International/North_America/2026/VGC,1,queued,"broadcast=official (Play! Pokémon / regional Pokémon Company channel) | vods: D1 https://youtu.be/ek47ALwgbmA [Play Pokémon]; D1 mirror https://youtu.be/hk6BNoCzQ7w [Official Pokémon]; D2 https://youtu.be/OGIDk9YcLZI [Play Pokémon]; D2 mirror https://youtu.be/aR1lTe328yQ [Official Pokémon]; Sun https://youtu.be/igPt0ZyyUSY [Play Pokémon]; Masters final https://youtu.be/m4FLZ-ygl6Q [Play Pokémon]; playlist https://www.youtube.com/playlist?list=PLQWzKIaERirxvkGpNp7uVzY4hbkK3RQAH [Official Pokémon]; VR side D1 EN https://youtu.be/-fSDC-xHkR8 [Victory Road]; VR side D1 ES https://youtu.be/LHnkNFSKCGY [Victory Road]; VR side D2 EN https://youtu.be/FP4kqTcxvlI [Victory Road]; VR side D2 ES https://youtu.be/ZYbG9C_rxLo [Victory Road]; VR co-stream D3 EN https://youtu.be/3PtJ0ATXCOA [Victory Road]; VR co-stream D3 ES https://youtu.be/TNMXsOPtjq0 [Victory Road] | sources: https://victoryroad.pro/2026-season-calendar/ , https://victoryroad.pro/2026-naic/ , https://rk9.gg/pairings/NA02wgUPFDXKmQmqILwS"
2026-naic-masters-r1-arsal-puri-vs-eric-rios,match,2026 Pokémon North America International Championships (New Orleans),2026-06-12,2026-06-12,champions,Champions M-A,doubles,masters,R1,Arsal Puri,Eric Rios,Arsal Puri,https://www.youtube.com/watch?v=-fSDC-xHkR8,,https://standings.limitlessvgc.com/0035/pairings?round=1,https://rk9.gg/roster/NA02wgUPFDXKmQmqILwS,https://liquipedia.net/pokemon/Pokemon_Championships/International/North_America/2026/VGC,1,queued,"stream=Victory Road side stream (EN) | start_local=2026-06-12 09:40 CDT | series=2-1 | vod_kind=side-stream VOD (VR side D1 EN, matched by day+language) | teamlists: https://standings.limitlessvgc.com/0035/player/1086/teamlist ; https://standings.limitlessvgc.com/0035/player/1085/teamlist | src: https://liquipedia.net/pokemon/Pokemon_Championships/International/North_America/2026/VGC (Liquipedia, via API 2026-09-28) ; https://standings.limitlessvgc.com/0035/pairings?round=1 (Limitless round 1, table 543: pairing+winner agree)"
2026-naic-masters-r1-behzad-muntazir-vs-jeremy-cote,match,2026 Pokémon North America International Championships (New Orleans),2026-06-12,2026-06-12,champions,Champions M-A,doubles,masters,R1,Behzad Muntazir,Jérémy Côté,Jérémy Côté,https://www.youtube.com/watch?v=LHnkNFSKCGY,,https://standings.limitlessvgc.com/0035/pairings?round=1,https://rk9.gg/roster/NA02wgUPFDXKmQmqILwS,https://liquipedia.net/pokemon/Pokemon_Championships/International/North_America/2026/VGC,1,queued,"stream=Victory Road side stream (ES) | start_local=2026-06-12 09:40 CDT | series=0-2 | vod_kind=side-stream VOD (VR side D1 ES, matched by day+language) | teamlists: https://standings.limitlessvgc.com/0035/player/0371/teamlist ; https://standings.limitlessvgc.com/0035/player/0372/teamlist | src: https://liquipedia.net/pokemon/Pokemon_Championships/International/North_America/2026/VGC (Liquipedia, via API 2026-09-28) ; https://standings.limitlessvgc.com/0035/pairings?round=1 (Limitless round 1, table 186: pairing+winner agree)"
2026-naic-masters-r1-emilio-forbes-vs-marco-silva,match,2026 Pokémon North America International Championships (New Orleans),2026-06-12,2026-06-12,champions,Champions M-A,doubles,masters,R1,Emilio Forbes,Marco Silva,Emilio Forbes,https://www.youtube.com/watch?v=ek47ALwgbmA,,https://standings.limitlessvgc.com/0035/pairings?round=1,https://rk9.gg/roster/NA02wgUPFDXKmQmqILwS,https://liquipedia.net/pokemon/Pokemon_Championships/International/North_America/2026/VGC,1,queued,"stream=main stream (Pokémon) | start_local=2026-06-12 09:35 CDT | series=2-1 | vod_kind=day-stream VOD (D1, matched by date) | teamlists: https://standings.limitlessvgc.com/0035/player/0839/teamlist ; https://standings.limitlessvgc.com/0035/player/0840/teamlist | src: https://liquipedia.net/pokemon/Pokemon_Championships/International/North_America/2026/VGC (Liquipedia, via API 2026-09-28) ; https://standings.limitlessvgc.com/0035/pairings?round=1 (Limitless round 1, table 420: pairing+winner agree)"
2026-naic-masters-r2-joji-kaieda-vs-marco-silva,match,2026 Pokémon North America International Championships (New Orleans),2026-06-12,2026-06-12,champions,Champions M-A,doubles,masters,R2,Joji Kaieda,Marco Silva,Marco Silva,https://www.youtube.com/watch?v=LHnkNFSKCGY,,https://standings.limitlessvgc.com/0035/pairings?round=2,https://rk9.gg/roster/NA02wgUPFDXKmQmqILwS,https://liquipedia.net/pokemon/Pokemon_Championships/International/North_America/2026/VGC,1,queued,"stream=Victory Road side stream (ES) | start_local=2026-06-12 10:50 CDT | series=1-2 | vod_kind=side-stream VOD (VR side D1 ES, matched by day+language) | teamlists: https://standings.limitlessvgc.com/0035/player/0594/teamlist ; https://standings.limitlessvgc.com/0035/player/0840/teamlist | src: https://liquipedia.net/pokemon/Pokemon_Championships/International/North_America/2026/VGC (Liquipedia, via API 2026-09-28) ; https://standings.limitlessvgc.com/0035/pairings?round=2 (Limitless round 2, table 429: pairing+winner agree)"
2026-naic-masters-r2-leonard-craft-iii-vs-yichun-wu,match,2026 Pokémon North America International Championships (New Orleans),2026-06-12,2026-06-12,champions,Champions M-A,doubles,masters,R2,Leonard Craft III,Yichun Wu,Yichun Wu,https://www.youtube.com/watch?v=-fSDC-xHkR8,,https://standings.limitlessvgc.com/0035/pairings?round=2,https://rk9.gg/roster/NA02wgUPFDXKmQmqILwS,https://liquipedia.net/pokemon/Pokemon_Championships/International/North_America/2026/VGC,1,queued,"stream=Victory Road side stream (EN) | start_local=2026-06-12 10:40 CDT | series=1-2 | vod_kind=side-stream VOD (VR side D1 EN, matched by day+language) | teamlists: https://standings.limitlessvgc.com/0035/player/0933/teamlist ; https://standings.limitlessvgc.com/0035/player/0212/teamlist | src: https://liquipedia.net/pokemon/Pokemon_Championships/International/North_America/2026/VGC (Liquipedia, via API 2026-09-28) ; https://standings.limitlessvgc.com/0035/pairings?round=2 (Limitless round 2, table 149: pairing+winner agree)"
2026-naic-masters-r2-theotime-massaut-vs-giovanni-cischke,match,2026 Pokémon North America International Championships (New Orleans),2026-06-12,2026-06-12,champions,Champions M-A,doubles,masters,R2,Theotime Massaut,Giovanni Cischke,Theotime Massaut,https://www.youtube.com/watch?v=ek47ALwgbmA,,https://standings.limitlessvgc.com/0035/pairings?round=2,https://rk9.gg/roster/NA02wgUPFDXKmQmqILwS,https://liquipedia.net/pokemon/Pokemon_Championships/International/North_America/2026/VGC,1,queued,"stream=main stream (Pokémon) | start_local=2026-06-12 10:45 CDT | series=2-1 | vod_kind=day-stream VOD (D1, matched by date) | teamlists: https://standings.limitlessvgc.com/0035/player/0243/teamlist ; https://standings.limitlessvgc.com/0035/player/0684/teamlist | src: https://liquipedia.net/pokemon/Pokemon_Championships/International/North_America/2026/VGC (Liquipedia, via API 2026-09-28) ; https://standings.limitlessvgc.com/0035/pairings?round=2 (Limitless round 2, table 29: pairing+winner agree)"
2026-naic-masters-r3-arsal-puri-vs-christopher-han,match,2026 Pokémon North America International Championships (New Orleans),2026-06-12,2026-06-12,champions,Champions M-A,doubles,masters,R3,Arsal Puri,Christopher Han,Christopher Han,https://www.youtube.com/watch?v=ek47ALwgbmA,,https://standings.limitlessvgc.com/0035/pairings?round=3,https://rk9.gg/roster/NA02wgUPFDXKmQmqILwS,https://liquipedia.net/pokemon/Pokemon_Championships/International/North_America/2026/VGC,1,queued,"stream=main stream (Pokémon) | start_local=2026-06-12 12:05 CDT | series=1-2 | vod_kind=day-stream VOD (D1, matched by date) | teamlists: https://standings.limitlessvgc.com/0035/player/1086/teamlist ; https://standings.limitlessvgc.com/0035/player/0776/teamlist | src: https://liquipedia.net/pokemon/Pokemon_Championships/International/North_America/2026/VGC (Liquipedia, via API 2026-09-28) ; https://standings.limitlessvgc.com/0035/pairings?round=3 (Limitless round 3, table 39: pairing+winner agree)"
2026-naic-masters-r3-montana-mott-vs-alex-gomez-berna,match,2026 Pokémon North America International Championships (New Orleans),2026-06-12,2026-06-12,champions,Champions M-A,doubles,masters,R3,Montana Mott,Alex Gómez Berna,Alex Gómez Berna,https://www.youtube.com/watch?v=-fSDC-xHkR8,,https://standings.limitlessvgc.com/0035/pairings?round=3,https://rk9.gg/roster/NA02wgUPFDXKmQmqILwS,https://liquipedia.net/pokemon/Pokemon_Championships/International/North_America/2026/VGC,1,queued,"stream=Victory Road side stream (EN) | start_local=2026-06-12 12:00 CDT | series=0-2 | vod_kind=side-stream VOD (VR side D1 EN, matched by day+language) | teamlists: https://standings.limitlessvgc.com/0035/player/0046/teamlist ; https://standings.limitlessvgc.com/0035/player/0573/teamlist | src: https://liquipedia.net/pokemon/Pokemon_Championships/International/North_America/2026/VGC (Liquipedia, via API 2026-09-28) ; https://standings.limitlessvgc.com/0035/pairings?round=3 (Limitless round 3, table 82: pairing+winner agree)"
2026-naic-masters-r3-yuki-zaninovich-vs-zac-emerzian,match,2026 Pokémon North America International Championships (New Orleans),2026-06-12,2026-06-12,champions,Champions M-A,doubles,masters,R3,Yuki Zaninovich,Zac Emerzian,Yuki Zaninovich,https://www.youtube.com/watch?v=LHnkNFSKCGY,,https://standings.limitlessvgc.com/0035/pairings?round=3,https://rk9.gg/roster/NA02wgUPFDXKmQmqILwS,https://liquipedia.net/pokemon/Pokemon_Championships/International/North_America/2026/VGC,1,queued,"stream=Victory Road side stream (ES) | start_local=2026-06-12 12:00 CDT | series=2-1 | vod_kind=side-stream VOD (VR side D1 ES, matched by day+language) | teamlists: https://standings.limitlessvgc.com/0035/player/0878/teamlist ; https://standings.limitlessvgc.com/0035/player/0511/teamlist | src: https://liquipedia.net/pokemon/Pokemon_Championships/International/North_America/2026/VGC (Liquipedia, via API 2026-09-28) ; https://standings.limitlessvgc.com/0035/pairings?round=3 (Limitless round 3, table 79: pairing+winner agree)"
2026-naic-masters-r4-alex-underhill-vs-wolfe-glick,match,2026 Pokémon North America International Championships (New Orleans),2026-06-12,2026-06-12,champions,Champions M-A,doubles,masters,R4,Alex Underhill,Wolfe Glick,Wolfe Glick,https://www.youtube.com/watch?v=gfmh7-JfS4g,,https://standings.limitlessvgc.com/0035/pairings?round=4,https://rk9.gg/roster/NA02wgUPFDXKmQmqILwS,https://liquipedia.net/pokemon/Pokemon_Championships/International/North_America/2026/VGC,1,queued,"stream=main stream (Pokémon) | start_local=2026-06-12 13:30 CDT | series=1-2 | vod_kind=per-match upload (Play! Pokémon) | teamlists: https://standings.limitlessvgc.com/0035/player/0323/teamlist ; https://standings.limitlessvgc.com/0035/player/1093/teamlist | src: https://liquipedia.net/pokemon/Pokemon_Championships/International/North_America/2026/VGC (Liquipedia, via API 2026-09-28) ; https://standings.limitlessvgc.com/0035/pairings?round=4 (Limitless round 4, table 20: pairing+winner agree) | day/stream VOD: https://youtu.be/ek47ALwgbmA | upload title names both players but not the round; round from Liquipedia (only meeting of these players at the event)"
2026-naic-masters-r4-federico-camporesi-vs-ryosuke-kondo,match,2026 Pokémon North America International Championships (New Orleans),2026-06-12,2026-06-12,champions,Champions M-A,doubles,masters,R4,Federico Camporesi,Ryosuke Kondo,Federico Camporesi,https://www.youtube.com/watch?v=LHnkNFSKCGY,,https://standings.limitlessvgc.com/0035/pairings?round=4,https://rk9.gg/roster/NA02wgUPFDXKmQmqILwS,https://liquipedia.net/pokemon/Pokemon_Championships/International/North_America/2026/VGC,1,queued,"stream=Victory Road side stream (ES) | start_local=2026-06-12 13:15 CDT | series=2-0 | vod_kind=side-stream VOD (VR side D1 ES, matched by day+language) | teamlists: https://standings.limitlessvgc.com/0035/player/0695/teamlist ; https://standings.limitlessvgc.com/0035/player/0304/teamlist | src: https://liquipedia.net/pokemon/Pokemon_Championships/International/North_America/2026/VGC (Liquipedia, via API 2026-09-28) ; https://standings.limitlessvgc.com/0035/pairings?round=4 (Limitless round 4, table 36: pairing+winner agree)"
2026-naic-masters-r4-ryosuke-hamasato-vs-alex-gomez-berna,match,2026 Pokémon North America International Championships (New Orleans),2026-06-12,2026-06-12,champions,Champions M-A,doubles,masters,R4,Ryosuke Hamasato,Alex Gómez Berna,Alex Gómez Berna,https://www.youtube.com/watch?v=-fSDC-xHkR8,,https://standings.limitlessvgc.com/0035/pairings?round=4,https://rk9.gg/roster/NA02wgUPFDXKmQmqILwS,https://liquipedia.net/pokemon/Pokemon_Championships/International/North_America/2026/VGC,1,queued,"stream=Victory Road side stream (EN) | start_local=2026-06-12 13:15 CDT | series=0-2 | vod_kind=side-stream VOD (VR side D1 EN, matched by day+language) | teamlists: https://standings.limitlessvgc.com/0035/player/0969/teamlist ; https://standings.limitlessvgc.com/0035/player/0573/teamlist | src: https://liquipedia.net/pokemon/Pokemon_Championships/International/North_America/2026/VGC (Liquipedia, via API 2026-09-28) ; https://standings.limitlessvgc.com/0035/pairings?round=4 (Limitless round 4, table 17: pairing+winner agree)"
2026-naic-masters-r5-daniel-marcelo-reyes-vs-gabriel-agati,match,2026 Pokémon North America International Championships (New Orleans),2026-06-12,2026-06-12,champions,Champions M-A,doubles,masters,R5,Daniel Marcelo Reyes,Gabriel Agati,Daniel Marcelo Reyes,https://www.youtube.com/watch?v=-fSDC-xHkR8,,https://standings.limitlessvgc.com/0035/pairings?round=5,https://rk9.gg/roster/NA02wgUPFDXKmQmqILwS,https://liquipedia.net/pokemon/Pokemon_Championships/International/North_America/2026/VGC,1,queued,"stream=Victory Road side stream (EN) | start_local=2026-06-12 14:10 CDT | series=2-1 | vod_kind=side-stream VOD (VR side D1 EN, matched by day+language) | teamlists: https://standings.limitlessvgc.com/0035/player/0516/teamlist ; https://standings.limitlessvgc.com/0035/player/0691/teamlist | src: https://liquipedia.net/pokemon/Pokemon_Championships/International/North_America/2026/VGC (Liquipedia, via API 2026-09-28) ; https://standings.limitlessvgc.com/0035/pairings?round=5 (Limitless round 5, table 10: pairing+winner agree)"
2026-naic-masters-r5-dawei-si-vs-yichun-wu,match,2026 Pokémon North America International Championships (New Orleans),2026-06-12,2026-06-12,champions,Champions M-A,doubles,masters,R5,Dawei Si,Yichun Wu,Dawei Si,https://www.youtube.com/watch?v=LHnkNFSKCGY,,https://standings.limitlessvgc.com/0035/pairings?round=5,https://rk9.gg/roster/NA02wgUPFDXKmQmqILwS,https://liquipedia.net/pokemon/Pokemon_Championships/International/North_America/2026/VGC,1,queued,"stream=Victory Road side stream (ES) | start_local=2026-06-12 14:10 CDT | series=2-0 | vod_kind=side-stream VOD (VR side D1 ES, matched by day+language) | teamlists: https://standings.limitlessvgc.com/0035/player/0063/teamlist ; https://standings.limitlessvgc.com/0035/player/0212/teamlist | src: https://liquipedia.net/pokemon/Pokemon_Championships/International/North_America/2026/VGC (Liquipedia, via API 2026-09-28) ; https://standings.limitlessvgc.com/0035/pairings?round=5 (Limitless round 5, table 14: pairing+winner agree)"
2026-naic-masters-r5-giuseppe-musicco-vs-alex-gomez-berna,match,2026 Pokémon North America International Championships (New Orleans),2026-06-12,2026-06-12,champions,Champions M-A,doubles,masters,R5,Giuseppe Musicco,Alex Gómez Berna,Alex Gómez Berna,https://www.youtube.com/watch?v=ek47ALwgbmA,,https://standings.limitlessvgc.com/0035/pairings?round=5,https://rk9.gg/roster/NA02wgUPFDXKmQmqILwS,https://liquipedia.net/pokemon/Pokemon_Championships/International/North_America/2026/VGC,1,queued,"stream=main stream (Pokémon) | start_local=2026-06-12 14:25 CDT | series=0-2 | vod_kind=day-stream VOD (D1, matched by date) | teamlists: https://standings.limitlessvgc.com/0035/player/1009/teamlist ; https://standings.limitlessvgc.com/0035/player/0573/teamlist | src: https://liquipedia.net/pokemon/Pokemon_Championships/International/North_America/2026/VGC (Liquipedia, via API 2026-09-28) ; https://standings.limitlessvgc.com/0035/pairings?round=5 (Limitless round 5, table 5: pairing+winner agree)"
2026-naic-masters-r6-chase-lybbert-vs-zachary-weed,match,2026 Pokémon North America International Championships (New Orleans),2026-06-12,2026-06-12,champions,Champions M-A,doubles,masters,R6,Chase Lybbert,Zachary Weed,Zachary Weed,https://www.youtube.com/watch?v=ek47ALwgbmA,,https://standings.limitlessvgc.com/0035/pairings?round=6,https://rk9.gg/roster/NA02wgUPFDXKmQmqILwS,https://liquipedia.net/pokemon/Pokemon_Championships/International/North_America/2026/VGC,1,queued,"stream=main stream (Pokémon) | start_local=2026-06-12 15:30 CDT | series=1-2 | vod_kind=day-stream VOD (D1, matched by date) | teamlists: https://standings.limitlessvgc.com/0035/player/0706/teamlist ; https://standings.limitlessvgc.com/0035/player/0589/teamlist | src: https://liquipedia.net/pokemon/Pokemon_Championships/International/North_America/2026/VGC (Liquipedia, via API 2026-09-28) ; https://standings.limitlessvgc.com/0035/pairings?round=6 (Limitless round 6, table 8: pairing+winner agree) | candidate per-match upload [inferred from title, opponent/round not named]: https://youtu.be/T1xdxAo3VZU ""Zachary Weed Protects His Phase 2 Spot | 2026 Pokémon NAIC | Pokémon VGC"""
2026-naic-masters-r6-jordi-casado-rejas-vs-ko-tsukide,match,2026 Pokémon North America International Championships (New Orleans),2026-06-12,2026-06-12,champions,Champions M-A,doubles,masters,R6,Jordi Casado Rejas,Ko Tsukide,Ko Tsukide,https://www.youtube.com/watch?v=LHnkNFSKCGY,,https://standings.limitlessvgc.com/0035/pairings?round=6,https://rk9.gg/roster/NA02wgUPFDXKmQmqILwS,https://liquipedia.net/pokemon/Pokemon_Championships/International/North_America/2026/VGC,1,queued,"stream=Victory Road side stream (ES) | start_local=2026-06-12 15:20 CDT | series=1-2 | vod_kind=side-stream VOD (VR side D1 ES, matched by day+language) | teamlists: https://standings.limitlessvgc.com/0035/player/0134/teamlist ; https://standings.limitlessvgc.com/0035/player/0556/teamlist | src: https://liquipedia.net/pokemon/Pokemon_Championships/International/North_America/2026/VGC (Liquipedia, via API 2026-09-28) ; https://standings.limitlessvgc.com/0035/pairings?round=6 (Limitless round 6, table 7: pairing+winner agree)"
2026-naic-masters-r6-stefano-greppi-vs-dawei-si,match,2026 Pokémon North America International Championships (New Orleans),2026-06-12,2026-06-12,champions,Champions M-A,doubles,masters,R6,Stefano Greppi,Dawei Si,Dawei Si,https://www.youtube.com/watch?v=-fSDC-xHkR8,,https://standings.limitlessvgc.com/0035/pairings?round=6,https://rk9.gg/roster/NA02wgUPFDXKmQmqILwS,https://liquipedia.net/pokemon/Pokemon_Championships/International/North_America/2026/VGC,1,queued,"stream=Victory Road side stream (EN) | start_local=2026-06-12 15:20 CDT | series=0-2 | vod_kind=side-stream VOD (VR side D1 EN, matched by day+language) | teamlists: https://standings.limitlessvgc.com/0035/player/1000/teamlist ; https://standings.limitlessvgc.com/0035/player/0063/teamlist | src: https://liquipedia.net/pokemon/Pokemon_Championships/International/North_America/2026/VGC (Liquipedia, via API 2026-09-28) ; https://standings.limitlessvgc.com/0035/pairings?round=6 (Limitless round 6, table 4: pairing+winner agree)"
2026-naic-masters-r7-alex-gomez-berna-vs-marcus-dion,match,2026 Pokémon North America International Championships (New Orleans),2026-06-12,2026-06-12,champions,Champions M-A,doubles,masters,R7,Alex Gómez Berna,Marcus Dion,Alex Gómez Berna,https://www.youtube.com/watch?v=LHnkNFSKCGY,,https://standings.limitlessvgc.com/0035/pairings?round=7,https://rk9.gg/roster/NA02wgUPFDXKmQmqILwS,https://liquipedia.net/pokemon/Pokemon_Championships/International/North_America/2026/VGC,1,queued,"stream=Victory Road side stream (ES) | start_local=2026-06-12 16:25 CDT | series=2-1 | vod_kind=side-stream VOD (VR side D1 ES, matched by day+language) | teamlists: https://standings.limitlessvgc.com/0035/player/0573/teamlist ; https://standings.limitlessvgc.com/0035/player/0451/teamlist | src: https://liquipedia.net/pokemon/Pokemon_Championships/International/North_America/2026/VGC (Liquipedia, via API 2026-09-28) ; https://standings.limitlessvgc.com/0035/pairings?round=7 (Limitless round 7, table 9: pairing+winner agree)"
2026-naic-masters-r7-collin-heier-vs-louis-milich,match,2026 Pokémon North America International Championships (New Orleans),2026-06-12,2026-06-12,champions,Champions M-A,doubles,masters,R7,Collin Heier,Louis Milich,Collin Heier,https://www.youtube.com/watch?v=-fSDC-xHkR8,,https://standings.limitlessvgc.com/0035/pairings?round=7,https://rk9.gg/roster/NA02wgUPFDXKmQmqILwS,https://liquipedia.net/pokemon/Pokemon_Championships/International/North_America/2026/VGC,1,queued,"stream=Victory Road side stream (EN) | start_local=2026-06-12 16:25 CDT | series=2-1 | vod_kind=side-stream VOD (VR side D1 EN, matched by day+language) | teamlists: https://standings.limitlessvgc.com/0035/player/0174/teamlist ; https://standings.limitlessvgc.com/0035/player/0518/teamlist | src: https://liquipedia.net/pokemon/Pokemon_Championships/International/North_America/2026/VGC (Liquipedia, via API 2026-09-28) ; https://standings.limitlessvgc.com/0035/pairings?round=7 (Limitless round 7, table 5: pairing+winner agree)"
2026-naic-masters-r7-dawei-si-vs-justin-tang,match,2026 Pokémon North America International Championships (New Orleans),2026-06-12,2026-06-12,champions,Champions M-A,doubles,masters,R7,Dawei Si,Justin Tang,Dawei Si,https://www.youtube.com/watch?v=ek47ALwgbmA,,https://standings.limitlessvgc.com/0035/pairings?round=7,https://rk9.gg/roster/NA02wgUPFDXKmQmqILwS,https://liquipedia.net/pokemon/Pokemon_Championships/International/North_America/2026/VGC,1,queued,"stream=main stream (Pokémon) | start_local=2026-06-12 16:35 CDT | series=2-1 | vod_kind=day-stream VOD (D1, matched by date) | teamlists: https://standings.limitlessvgc.com/0035/player/0063/teamlist ; https://standings.limitlessvgc.com/0035/player/0855/teamlist | src: https://liquipedia.net/pokemon/Pokemon_Championships/International/North_America/2026/VGC (Liquipedia, via API 2026-09-28) ; https://standings.limitlessvgc.com/0035/pairings?round=7 (Limitless round 7, table 7: pairing+winner agree)"
2026-naic-masters-r8-giulio-tarlao-vs-alberto-lara,match,2026 Pokémon North America International Championships (New Orleans),2026-06-12,2026-06-12,champions,Champions M-A,doubles,masters,R8,Giulio Tarlao,Alberto Lara,Alberto Lara,https://www.youtube.com/watch?v=LHnkNFSKCGY,,https://standings.limitlessvgc.com/0035/pairings?round=8,https://rk9.gg/roster/NA02wgUPFDXKmQmqILwS,https://liquipedia.net/pokemon/Pokemon_Championships/International/North_America/2026/VGC,1,queued,"stream=Victory Road side stream (ES) | start_local=2026-06-12 17:35 CDT | series=0-2 | vod_kind=side-stream VOD (VR side D1 ES, matched by day+language) | teamlists: https://standings.limitlessvgc.com/0035/player/1073/teamlist ; https://standings.limitlessvgc.com/0035/player/0129/teamlist | src: https://liquipedia.net/pokemon/Pokemon_Championships/International/North_America/2026/VGC (Liquipedia, via API 2026-09-28) ; https://standings.limitlessvgc.com/0035/pairings?round=8 (Limitless round 8, table 61: pairing+winner agree)"
2026-naic-masters-r8-kareem-muakkit-vs-swaroop-b,match,2026 Pokémon North America International Championships (New Orleans),2026-06-12,2026-06-12,champions,Champions M-A,doubles,masters,R8,Kareem Muakkit,Swaroop B.,Kareem Muakkit,https://www.youtube.com/watch?v=ek47ALwgbmA,,https://standings.limitlessvgc.com/0035/pairings?round=8,https://rk9.gg/roster/NA02wgUPFDXKmQmqILwS,https://liquipedia.net/pokemon/Pokemon_Championships/International/North_America/2026/VGC,1,queued,"stream=main stream (Pokémon) | start_local=2026-06-12 17:40 CDT | series=2-0 | vod_kind=day-stream VOD (D1, matched by date) | teamlists: https://standings.limitlessvgc.com/0035/player/0914/teamlist ; https://standings.limitlessvgc.com/0035/player/0736/teamlist | src: https://liquipedia.net/pokemon/Pokemon_Championships/International/North_America/2026/VGC (Liquipedia, via API 2026-09-28) ; https://standings.limitlessvgc.com/0035/pairings?round=8 (Limitless round 8, table 2: pairing+winner agree)"
2026-naic-masters-r8-sean-worcester-vs-shoma-honami,match,2026 Pokémon North America International Championships (New Orleans),2026-06-12,2026-06-12,champions,Champions M-A,doubles,masters,R8,Sean Worcester,Shoma Honami,Shoma Honami,https://www.youtube.com/watch?v=-fSDC-xHkR8,,https://standings.limitlessvgc.com/0035/pairings?round=8,https://rk9.gg/roster/NA02wgUPFDXKmQmqILwS,https://liquipedia.net/pokemon/Pokemon_Championships/International/North_America/2026/VGC,1,queued,"stream=Victory Road side stream (EN) | start_local=2026-06-12 17:35 CDT | series=0-2 | vod_kind=side-stream VOD (VR side D1 EN, matched by day+language) | teamlists: https://standings.limitlessvgc.com/0035/player/1014/teamlist ; https://standings.limitlessvgc.com/0035/player/0262/teamlist | src: https://liquipedia.net/pokemon/Pokemon_Championships/International/North_America/2026/VGC (Liquipedia, via API 2026-09-28) ; https://standings.limitlessvgc.com/0035/pairings?round=8 (Limitless round 8, table 105: pairing+winner agree)"
2026-naic-masters-r9-federico-camporesi-vs-zachary-weed,match,2026 Pokémon North America International Championships (New Orleans),2026-06-12,2026-06-12,champions,Champions M-A,doubles,masters,R9,Federico Camporesi,Zachary Weed,Federico Camporesi,https://www.youtube.com/watch?v=-fSDC-xHkR8,,https://standings.limitlessvgc.com/0035/pairings?round=9,https://rk9.gg/roster/NA02wgUPFDXKmQmqILwS,https://liquipedia.net/pokemon/Pokemon_Championships/International/North_America/2026/VGC,1,queued,"stream=Victory Road side stream (EN) | start_local=2026-06-12 18:40 CDT | series=2-1 | vod_kind=side-stream VOD (VR side D1 EN, matched by day+language) | teamlists: https://standings.limitlessvgc.com/0035/player/0695/teamlist ; https://standings.limitlessvgc.com/0035/player/0589/teamlist | src: https://liquipedia.net/pokemon/Pokemon_Championships/International/North_America/2026/VGC (Liquipedia, via API 2026-09-28) ; https://standings.limitlessvgc.com/0035/pairings?round=9 (Limitless round 9, table 5: pairing+winner agree)"
2026-naic-masters-r9-ko-tsukide-vs-james-parmley,match,2026 Pokémon North America International Championships (New Orleans),2026-06-12,2026-06-12,champions,Champions M-A,doubles,masters,R9,Ko Tsukide,James Parmley,Ko Tsukide,https://www.youtube.com/watch?v=ek47ALwgbmA,,https://standings.limitlessvgc.com/0035/pairings?round=9,https://rk9.gg/roster/NA02wgUPFDXKmQmqILwS,https://liquipedia.net/pokemon/Pokemon_Championships/International/North_America/2026/VGC,1,queued,"stream=main stream (Pokémon) | start_local=2026-06-12 19:00 CDT | series=2-0 | vod_kind=day-stream VOD (D1, matched by date) | teamlists: https://standings.limitlessvgc.com/0035/player/0556/teamlist ; https://standings.limitlessvgc.com/0035/player/0947/teamlist | src: https://liquipedia.net/pokemon/Pokemon_Championships/International/North_America/2026/VGC (Liquipedia, via API 2026-09-28) ; https://standings.limitlessvgc.com/0035/pairings?round=9 (Limitless round 9, table 2: pairing+winner agree)"
2026-naic-masters-r9-marcus-dion-vs-henry-rich,match,2026 Pokémon North America International Championships (New Orleans),2026-06-12,2026-06-12,champions,Champions M-A,doubles,masters,R9,Marcus Dion,Henry Rich,Marcus Dion,https://www.youtube.com/watch?v=LHnkNFSKCGY,,https://standings.limitlessvgc.com/0035/pairings?round=9,https://rk9.gg/roster/NA02wgUPFDXKmQmqILwS,https://liquipedia.net/pokemon/Pokemon_Championships/International/North_America/2026/VGC,1,queued,"stream=Victory Road side stream (ES) | start_local=2026-06-12 18:40 CDT | series=2-0 | vod_kind=side-stream VOD (VR side D1 ES, matched by day+language) | teamlists: https://standings.limitlessvgc.com/0035/player/0451/teamlist ; https://standings.limitlessvgc.com/0035/player/0461/teamlist | src: https://liquipedia.net/pokemon/Pokemon_Championships/International/North_America/2026/VGC (Liquipedia, via API 2026-09-28) ; https://standings.limitlessvgc.com/0035/pairings?round=9 (Limitless round 9, table 14: pairing+winner agree)"
2026-naic-masters-r10-collin-heier-vs-samuel-pereira,match,2026 Pokémon North America International Championships (New Orleans),2026-06-13,2026-06-13,champions,Champions M-A,doubles,masters,R10,Collin Heier,Samuel Pereira,Samuel Pereira,https://www.youtube.com/watch?v=ZYbG9C_rxLo,,https://standings.limitlessvgc.com/0035/pairings?round=10,https://rk9.gg/roster/NA02wgUPFDXKmQmqILwS,https://liquipedia.net/pokemon/Pokemon_Championships/International/North_America/2026/VGC,1,queued,"stream=Victory Road side stream (ES) | start_local=2026-06-13 09:10 CDT | series=0-2 | vod_kind=side-stream VOD (VR side D2 ES, matched by day+language) | teamlists: https://standings.limitlessvgc.com/0035/player/0174/teamlist ; https://standings.limitlessvgc.com/0035/player/0382/teamlist | src: https://liquipedia.net/pokemon/Pokemon_Championships/International/North_America/2026/VGC (Liquipedia, via API 2026-09-28) ; https://standings.limitlessvgc.com/0035/pairings?round=10 (Limitless round 10, table 105: pairing+winner agree)"
2026-naic-masters-r10-dawei-si-vs-federico-camporesi,match,2026 Pokémon North America International Championships (New Orleans),2026-06-13,2026-06-13,champions,Champions M-A,doubles,masters,R10,Dawei Si,Federico Camporesi,Federico Camporesi,https://www.youtube.com/watch?v=FP4kqTcxvlI,,https://standings.limitlessvgc.com/0035/pairings?round=10,https://rk9.gg/roster/NA02wgUPFDXKmQmqILwS,https://liquipedia.net/pokemon/Pokemon_Championships/International/North_America/2026/VGC,1,queued,"stream=Victory Road side stream (EN) | start_local=2026-06-13 09:10 CDT | series=0-2 | vod_kind=side-stream VOD (VR side D2 EN, matched by day+language) | teamlists: https://standings.limitlessvgc.com/0035/player/0063/teamlist ; https://standings.limitlessvgc.com/0035/player/0695/teamlist | src: https://liquipedia.net/pokemon/Pokemon_Championships/International/North_America/2026/VGC (Liquipedia, via API 2026-09-28) ; https://standings.limitlessvgc.com/0035/pairings?round=10 (Limitless round 10, table 104: pairing+winner agree)"
2026-naic-masters-r10-wolfe-glick-vs-ko-tsukide,match,2026 Pokémon North America International Championships (New Orleans),2026-06-13,2026-06-13,champions,Champions M-A,doubles,masters,R10,Wolfe Glick,Ko Tsukide,Ko Tsukide,https://www.youtube.com/watch?v=OGIDk9YcLZI,,https://standings.limitlessvgc.com/0035/pairings?round=10,https://rk9.gg/roster/NA02wgUPFDXKmQmqILwS,https://liquipedia.net/pokemon/Pokemon_Championships/International/North_America/2026/VGC,1,queued,"stream=main stream (Pokémon) | start_local=2026-06-13 09:20 CDT | series=1-2 | vod_kind=day-stream VOD (D2, matched by date) | teamlists: https://standings.limitlessvgc.com/0035/player/1093/teamlist ; https://standings.limitlessvgc.com/0035/player/0556/teamlist | src: https://liquipedia.net/pokemon/Pokemon_Championships/International/North_America/2026/VGC (Liquipedia, via API 2026-09-28) ; https://standings.limitlessvgc.com/0035/pairings?round=10 (Limitless round 10, table 97: pairing+winner agree)"
2026-naic-masters-r11-carson-confer-vs-eric-rios,match,2026 Pokémon North America International Championships (New Orleans),2026-06-13,2026-06-13,champions,Champions M-A,doubles,masters,R11,Carson Confer,Eric Rios,Eric Rios,https://www.youtube.com/watch?v=FP4kqTcxvlI,,https://standings.limitlessvgc.com/0035/pairings?round=11,https://rk9.gg/roster/NA02wgUPFDXKmQmqILwS,https://liquipedia.net/pokemon/Pokemon_Championships/International/North_America/2026/VGC,1,queued,"stream=Victory Road side stream (EN) | start_local=2026-06-13 10:15 CDT | series=1-2 | vod_kind=side-stream VOD (VR side D2 EN, matched by day+language) | teamlists: https://standings.limitlessvgc.com/0035/player/1040/teamlist ; https://standings.limitlessvgc.com/0035/player/1085/teamlist | src: https://liquipedia.net/pokemon/Pokemon_Championships/International/North_America/2026/VGC (Liquipedia, via API 2026-09-28) ; https://standings.limitlessvgc.com/0035/pairings?round=11 (Limitless round 11, table 106: pairing+winner agree)"
2026-naic-masters-r11-daniel-quek-vs-francesco-pio-pero,match,2026 Pokémon North America International Championships (New Orleans),2026-06-13,2026-06-13,champions,Champions M-A,doubles,masters,R11,Daniel Quek,Francesco Pio Pero,Francesco Pio Pero,https://www.youtube.com/watch?v=OGIDk9YcLZI,,https://standings.limitlessvgc.com/0035/pairings?round=11,https://rk9.gg/roster/NA02wgUPFDXKmQmqILwS,https://liquipedia.net/pokemon/Pokemon_Championships/International/North_America/2026/VGC,1,queued,"stream=main stream (Pokémon) | start_local=2026-06-13 10:35 CDT | series=1-2 | vod_kind=day-stream VOD (D2, matched by date) | teamlists: https://standings.limitlessvgc.com/0035/player/1042/teamlist ; https://standings.limitlessvgc.com/0035/player/0154/teamlist | src: https://liquipedia.net/pokemon/Pokemon_Championships/International/North_America/2026/VGC (Liquipedia, via API 2026-09-28) ; https://standings.limitlessvgc.com/0035/pairings?round=11 (Limitless round 11, table 102: pairing+winner agree)"
2026-naic-masters-r11-toler-webb-vs-christopher-han,match,2026 Pokémon North America International Championships (New Orleans),2026-06-13,2026-06-13,champions,Champions M-A,doubles,masters,R11,Toler Webb,Christopher Han,Christopher Han,https://www.youtube.com/watch?v=ZYbG9C_rxLo,,https://standings.limitlessvgc.com/0035/pairings?round=11,https://rk9.gg/roster/NA02wgUPFDXKmQmqILwS,https://liquipedia.net/pokemon/Pokemon_Championships/International/North_America/2026/VGC,1,queued,"stream=Victory Road side stream (ES) | start_local=2026-06-13 10:15 CDT | series=0-2 | vod_kind=side-stream VOD (VR side D2 ES, matched by day+language) | teamlists: https://standings.limitlessvgc.com/0035/player/0400/teamlist ; https://standings.limitlessvgc.com/0035/player/0776/teamlist | src: https://liquipedia.net/pokemon/Pokemon_Championships/International/North_America/2026/VGC (Liquipedia, via API 2026-09-28) ; https://standings.limitlessvgc.com/0035/pairings?round=11 (Limitless round 11, table 103: pairing+winner agree)"
2026-naic-masters-r12-shohei-kimura-vs-eric-rios,match,2026 Pokémon North America International Championships (New Orleans),2026-06-13,2026-06-13,champions,Champions M-A,doubles,masters,R12,Shohei Kimura,Eric Rios,Eric Rios,https://www.youtube.com/watch?v=FP4kqTcxvlI,,https://standings.limitlessvgc.com/0035/pairings?round=12,https://rk9.gg/roster/NA02wgUPFDXKmQmqILwS,https://liquipedia.net/pokemon/Pokemon_Championships/International/North_America/2026/VGC,1,queued,"stream=Victory Road side stream (EN) | start_local=2026-06-13 11:20 CDT | series=0-2 | vod_kind=side-stream VOD (VR side D2 EN, matched by day+language) | teamlists: https://standings.limitlessvgc.com/0035/player/0960/teamlist ; https://standings.limitlessvgc.com/0035/player/1085/teamlist | src: https://liquipedia.net/pokemon/Pokemon_Championships/International/North_America/2026/VGC (Liquipedia, via API 2026-09-28) ; https://standings.limitlessvgc.com/0035/pairings?round=12 (Limitless round 12, table 100: pairing+winner agree)"
2026-naic-masters-r12-shoma-honami-vs-christopher-han,match,2026 Pokémon North America International Championships (New Orleans),2026-06-13,2026-06-13,champions,Champions M-A,doubles,masters,R12,Shoma Honami,Christopher Han,Shoma Honami,https://www.youtube.com/watch?v=ZYbG9C_rxLo,,https://standings.limitlessvgc.com/0035/pairings?round=12,https://rk9.gg/roster/NA02wgUPFDXKmQmqILwS,https://liquipedia.net/pokemon/Pokemon_Championships/International/North_America/2026/VGC,1,queued,"stream=Victory Road side stream (ES) | start_local=2026-06-13 11:20 CDT | series=2-0 | vod_kind=side-stream VOD (VR side D2 ES, matched by day+language) | teamlists: https://standings.limitlessvgc.com/0035/player/0262/teamlist ; https://standings.limitlessvgc.com/0035/player/0776/teamlist | src: https://liquipedia.net/pokemon/Pokemon_Championships/International/North_America/2026/VGC (Liquipedia, via API 2026-09-28) ; https://standings.limitlessvgc.com/0035/pairings?round=12 (Limitless round 12, table 105: pairing+winner agree)"
2026-naic-masters-r12-wolfe-glick-vs-alex-gomez-berna,match,2026 Pokémon North America International Championships (New Orleans),2026-06-13,2026-06-13,champions,Champions M-A,doubles,masters,R12,Wolfe Glick,Alex Gómez Berna,Wolfe Glick,https://www.youtube.com/watch?v=OGIDk9YcLZI,,https://standings.limitlessvgc.com/0035/pairings?round=12,https://rk9.gg/roster/NA02wgUPFDXKmQmqILwS,https://liquipedia.net/pokemon/Pokemon_Championships/International/North_America/2026/VGC,1,queued,"stream=main stream (Pokémon) | start_local=2026-06-13 11:25 CDT | series=2-0 | vod_kind=day-stream VOD (D2, matched by date) | teamlists: https://standings.limitlessvgc.com/0035/player/1093/teamlist ; https://standings.limitlessvgc.com/0035/player/0573/teamlist | src: https://liquipedia.net/pokemon/Pokemon_Championships/International/North_America/2026/VGC (Liquipedia, via API 2026-09-28) ; https://standings.limitlessvgc.com/0035/pairings?round=12 (Limitless round 12, table 99: pairing+winner agree)"
2026-naic-masters-r13-dawei-si-vs-thomas-irwin,match,2026 Pokémon North America International Championships (New Orleans),2026-06-13,2026-06-13,champions,Champions M-A,doubles,masters,R13,Dawei Si,Thomas Irwin,Dawei Si,https://www.youtube.com/watch?v=FP4kqTcxvlI,,https://standings.limitlessvgc.com/0035/pairings?round=13,https://rk9.gg/roster/NA02wgUPFDXKmQmqILwS,https://liquipedia.net/pokemon/Pokemon_Championships/International/North_America/2026/VGC,1,queued,"stream=Victory Road side stream (EN) | start_local=2026-06-13 12:20 CDT | series=2-1 | vod_kind=side-stream VOD (VR side D2 EN, matched by day+language) | teamlists: https://standings.limitlessvgc.com/0035/player/0063/teamlist ; https://standings.limitlessvgc.com/0035/player/0078/teamlist | src: https://liquipedia.net/pokemon/Pokemon_Championships/International/North_America/2026/VGC (Liquipedia, via API 2026-09-28) ; https://standings.limitlessvgc.com/0035/pairings?round=13 (Limitless round 13, table 106: pairing+winner agree)"
2026-naic-masters-r13-justin-tang-vs-marco-silva,match,2026 Pokémon North America International Championships (New Orleans),2026-06-13,2026-06-13,champions,Champions M-A,doubles,masters,R13,Justin Tang,Marco Silva,Marco Silva,https://www.youtube.com/watch?v=OGIDk9YcLZI,,https://standings.limitlessvgc.com/0035/pairings?round=13,https://rk9.gg/roster/NA02wgUPFDXKmQmqILwS,https://liquipedia.net/pokemon/Pokemon_Championships/International/North_America/2026/VGC,1,queued,"stream=main stream (Pokémon) | start_local=2026-06-13 12:20 CDT | series=0-2 | vod_kind=day-stream VOD (D2, matched by date) | teamlists: https://standings.limitlessvgc.com/0035/player/0855/teamlist ; https://standings.limitlessvgc.com/0035/player/0840/teamlist | src: https://liquipedia.net/pokemon/Pokemon_Championships/International/North_America/2026/VGC (Liquipedia, via API 2026-09-28) ; https://standings.limitlessvgc.com/0035/pairings?round=13 (Limitless round 13, table 104: pairing+winner agree)"
2026-naic-masters-r13-samuel-pereira-vs-shoma-honami,match,2026 Pokémon North America International Championships (New Orleans),2026-06-13,2026-06-13,champions,Champions M-A,doubles,masters,R13,Samuel Pereira,Shoma Honami,Shoma Honami,https://www.youtube.com/watch?v=ZYbG9C_rxLo,,https://standings.limitlessvgc.com/0035/pairings?round=13,https://rk9.gg/roster/NA02wgUPFDXKmQmqILwS,https://liquipedia.net/pokemon/Pokemon_Championships/International/North_America/2026/VGC,1,queued,"stream=Victory Road side stream (ES) | start_local=2026-06-13 12:20 CDT | series=1-2 | vod_kind=side-stream VOD (VR side D2 ES, matched by day+language) | teamlists: https://standings.limitlessvgc.com/0035/player/0382/teamlist ; https://standings.limitlessvgc.com/0035/player/0262/teamlist | src: https://liquipedia.net/pokemon/Pokemon_Championships/International/North_America/2026/VGC (Liquipedia, via API 2026-09-28) ; https://standings.limitlessvgc.com/0035/pairings?round=13 (Limitless round 13, table 103: pairing+winner agree)"
2026-naic-masters-top-16-adrien-hurley-vs-marco-silva,match,2026 Pokémon North America International Championships (New Orleans),2026-06-13,2026-06-13,champions,Champions M-A,doubles,masters,Top 16,Adrien Hurley,Marco Silva,Adrien Hurley,https://www.youtube.com/watch?v=OGIDk9YcLZI,,https://standings.limitlessvgc.com/0035/pairings?round=14,https://rk9.gg/roster/NA02wgUPFDXKmQmqILwS,https://liquipedia.net/pokemon/Pokemon_Championships/International/North_America/2026/VGC,1,queued,"stream=not listed on Liquipedia (on-stream status unconfirmed) | start_local=2026-06-13 | series=2-0 | vod_kind=day-stream VOD (D2) to check | teamlists: https://standings.limitlessvgc.com/0035/player/0387/teamlist ; https://standings.limitlessvgc.com/0035/player/0840/teamlist | src: https://liquipedia.net/pokemon/Pokemon_Championships/International/North_America/2026/VGC (Liquipedia, via API 2026-09-28) ; https://standings.limitlessvgc.com/0035/pairings?round=14 (Limitless round 14, table 98: pairing+winner agree)"
2026-naic-masters-top-16-don-czech-vs-eric-rios,match,2026 Pokémon North America International Championships (New Orleans),2026-06-13,2026-06-13,champions,Champions M-A,doubles,masters,Top 16,Don Czech,Eric Rios,Eric Rios,https://www.youtube.com/watch?v=OGIDk9YcLZI,,https://standings.limitlessvgc.com/0035/pairings?round=14,https://rk9.gg/roster/NA02wgUPFDXKmQmqILwS,https://liquipedia.net/pokemon/Pokemon_Championships/International/North_America/2026/VGC,1,queued,"stream=not listed on Liquipedia (on-stream status unconfirmed) | start_local=2026-06-13 13:35 CDT | series=1-2 | vod_kind=day-stream VOD (D2) to check | teamlists: https://standings.limitlessvgc.com/0035/player/0765/teamlist ; https://standings.limitlessvgc.com/0035/player/1085/teamlist | src: https://liquipedia.net/pokemon/Pokemon_Championships/International/North_America/2026/VGC (Liquipedia, via API 2026-09-28) ; https://standings.limitlessvgc.com/0035/pairings?round=14 (Limitless round 14, table 100: pairing+winner agree)"
2026-naic-masters-top-16-francesco-pio-pero-vs-dylan-matthews,match,2026 Pokémon North America International Championships (New Orleans),2026-06-13,2026-06-13,champions,Champions M-A,doubles,masters,Top 16,Francesco Pio Pero,Dylan Matthews,Francesco Pio Pero,https://www.youtube.com/watch?v=OGIDk9YcLZI,,https://standings.limitlessvgc.com/0035/pairings?round=14,https://rk9.gg/roster/NA02wgUPFDXKmQmqILwS,https://liquipedia.net/pokemon/Pokemon_Championships/International/North_America/2026/VGC,1,queued,"stream=not listed on Liquipedia (on-stream status unconfirmed) | start_local=2026-06-13 13:35 CDT | series=2-1 | vod_kind=day-stream VOD (D2) to check | teamlists: https://standings.limitlessvgc.com/0035/player/0154/teamlist ; https://standings.limitlessvgc.com/0035/player/0275/teamlist | src: https://liquipedia.net/pokemon/Pokemon_Championships/International/North_America/2026/VGC (Liquipedia, via API 2026-09-28) ; https://standings.limitlessvgc.com/0035/pairings?round=14 (Limitless round 14, table 99: pairing+winner agree)"
2026-naic-masters-top-16-marcus-dion-vs-federico-camporesi,match,2026 Pokémon North America International Championships (New Orleans),2026-06-13,2026-06-13,champions,Champions M-A,doubles,masters,Top 16,Marcus Dion,Federico Camporesi,Marcus Dion,https://www.youtube.com/watch?v=OGIDk9YcLZI,,https://standings.limitlessvgc.com/0035/pairings?round=14,https://rk9.gg/roster/NA02wgUPFDXKmQmqILwS,https://liquipedia.net/pokemon/Pokemon_Championships/International/North_America/2026/VGC,1,queued,"stream=not listed on Liquipedia (on-stream status unconfirmed) | start_local=2026-06-13 13:45 CDT | series=2-0 | vod_kind=day-stream VOD (D2) to check | teamlists: https://standings.limitlessvgc.com/0035/player/0451/teamlist ; https://standings.limitlessvgc.com/0035/player/0695/teamlist | src: https://liquipedia.net/pokemon/Pokemon_Championships/International/North_America/2026/VGC (Liquipedia, via API 2026-09-28) ; https://standings.limitlessvgc.com/0035/pairings?round=14 (Limitless round 14, table 101: pairing+winner agree)"
2026-naic-masters-top-16-shoma-honami-vs-chris-large,match,2026 Pokémon North America International Championships (New Orleans),2026-06-13,2026-06-13,champions,Champions M-A,doubles,masters,Top 16,Shoma Honami,Chris Large,Shoma Honami,https://www.youtube.com/watch?v=OGIDk9YcLZI,,https://standings.limitlessvgc.com/0035/pairings?round=14,https://rk9.gg/roster/NA02wgUPFDXKmQmqILwS,https://liquipedia.net/pokemon/Pokemon_Championships/International/North_America/2026/VGC,1,queued,"stream=not listed on Liquipedia (on-stream status unconfirmed) | start_local=2026-06-13 | series=2-1 | vod_kind=day-stream VOD (D2) to check | teamlists: https://standings.limitlessvgc.com/0035/player/0262/teamlist ; https://standings.limitlessvgc.com/0035/player/0402/teamlist | src: https://liquipedia.net/pokemon/Pokemon_Championships/International/North_America/2026/VGC (Liquipedia, via API 2026-09-28) ; https://standings.limitlessvgc.com/0035/pairings?round=14 (Limitless round 14, table 97: pairing+winner agree)"
2026-naic-masters-quarterfinal-adrien-hurley-vs-francesco-pio-pero,match,2026 Pokémon North America International Championships (New Orleans),2026-06-13,2026-06-13,champions,Champions M-A,doubles,masters,Quarterfinal,Adrien Hurley,Francesco Pio Pero,Francesco Pio Pero,https://www.youtube.com/watch?v=OGIDk9YcLZI,,https://standings.limitlessvgc.com/0035/pairings?round=15,https://rk9.gg/roster/NA02wgUPFDXKmQmqILwS,https://liquipedia.net/pokemon/Pokemon_Championships/International/North_America/2026/VGC,1,queued,"stream=not listed on Liquipedia (on-stream status unconfirmed) | start_local=2026-06-13 15:40 CDT | series=0-2 | vod_kind=day-stream VOD (D2) to check | teamlists: https://standings.limitlessvgc.com/0035/player/0387/teamlist ; https://standings.limitlessvgc.com/0035/player/0154/teamlist | src: https://liquipedia.net/pokemon/Pokemon_Championships/International/North_America/2026/VGC (Liquipedia, via API 2026-09-28) ; https://standings.limitlessvgc.com/0035/pairings?round=15 (Limitless round 15, table 98: pairing+winner agree)"
2026-naic-masters-quarterfinal-dawei-si-vs-eric-rios,match,2026 Pokémon North America International Championships (New Orleans),2026-06-13,2026-06-13,champions,Champions M-A,doubles,masters,Quarterfinal,Dawei Si,Eric Rios,Eric Rios,https://www.youtube.com/watch?v=OGIDk9YcLZI,,https://standings.limitlessvgc.com/0035/pairings?round=15,https://rk9.gg/roster/NA02wgUPFDXKmQmqILwS,https://liquipedia.net/pokemon/Pokemon_Championships/International/North_America/2026/VGC,1,queued,"stream=not listed on Liquipedia (on-stream status unconfirmed) | start_local=2026-06-13 16:25 CDT | series=0-2 | vod_kind=day-stream VOD (D2) to check | teamlists: https://standings.limitlessvgc.com/0035/player/0063/teamlist ; https://standings.limitlessvgc.com/0035/player/1085/teamlist | src: https://liquipedia.net/pokemon/Pokemon_Championships/International/North_America/2026/VGC (Liquipedia, via API 2026-09-28) ; https://standings.limitlessvgc.com/0035/pairings?round=15 (Limitless round 15, table 99: pairing+winner agree)"
2026-naic-masters-quarterfinal-ko-tsukide-vs-shoma-honami,match,2026 Pokémon North America International Championships (New Orleans),2026-06-13,2026-06-13,champions,Champions M-A,doubles,masters,Quarterfinal,Ko Tsukide,Shoma Honami,Shoma Honami,https://www.youtube.com/watch?v=OGIDk9YcLZI,,https://standings.limitlessvgc.com/0035/pairings?round=15,https://rk9.gg/roster/NA02wgUPFDXKmQmqILwS,https://liquipedia.net/pokemon/Pokemon_Championships/International/North_America/2026/VGC,1,queued,"stream=not listed on Liquipedia (on-stream status unconfirmed) | start_local=2026-06-13 14:35 CDT | series=1-2 | vod_kind=day-stream VOD (D2) to check | teamlists: https://standings.limitlessvgc.com/0035/player/0556/teamlist ; https://standings.limitlessvgc.com/0035/player/0262/teamlist | src: https://liquipedia.net/pokemon/Pokemon_Championships/International/North_America/2026/VGC (Liquipedia, via API 2026-09-28) ; https://standings.limitlessvgc.com/0035/pairings?round=15 (Limitless round 15, table 97: pairing+winner agree)"
2026-naic-masters-quarterfinal-wolfe-glick-vs-marcus-dion,match,2026 Pokémon North America International Championships (New Orleans),2026-06-13,2026-06-13,champions,Champions M-A,doubles,masters,Quarterfinal,Wolfe Glick,Marcus Dion,Wolfe Glick,https://www.youtube.com/watch?v=obOnjIRazCg,,https://standings.limitlessvgc.com/0035/pairings?round=15,https://rk9.gg/roster/NA02wgUPFDXKmQmqILwS,https://liquipedia.net/pokemon/Pokemon_Championships/International/North_America/2026/VGC,1,queued,"stream=official broadcast (confirmed by the Play! Pokémon per-match upload; not listed on Liquipedia) | start_local=2026-06-13 17:10 CDT | series=2-1 | vod_kind=per-match upload (Play! Pokémon) | teamlists: https://standings.limitlessvgc.com/0035/player/1093/teamlist ; https://standings.limitlessvgc.com/0035/player/0451/teamlist | src: https://liquipedia.net/pokemon/Pokemon_Championships/International/North_America/2026/VGC (Liquipedia, via API 2026-09-28) ; https://standings.limitlessvgc.com/0035/pairings?round=15 (Limitless round 15, table 100: pairing+winner agree) | day/stream VOD: https://youtu.be/OGIDk9YcLZI | upload title names both players but not the round; round from Liquipedia (only meeting of these players at the event)"
2026-naic-masters-semifinal-eric-rios-vs-wolfe-glick,match,2026 Pokémon North America International Championships (New Orleans),2026-06-13,2026-06-13,champions,Champions M-A,doubles,masters,Semifinal,Eric Rios,Wolfe Glick,Eric Rios,https://www.youtube.com/watch?v=OGIDk9YcLZI,,https://standings.limitlessvgc.com/0035/pairings?round=16,https://rk9.gg/roster/NA02wgUPFDXKmQmqILwS,https://liquipedia.net/pokemon/Pokemon_Championships/International/North_America/2026/VGC,1,queued,"stream=not listed on Liquipedia (on-stream status unconfirmed) | start_local=2026-06-13 18:50 CDT | series=2-0 | vod_kind=day-stream VOD (D2) to check | teamlists: https://standings.limitlessvgc.com/0035/player/1085/teamlist ; https://standings.limitlessvgc.com/0035/player/1093/teamlist | src: https://liquipedia.net/pokemon/Pokemon_Championships/International/North_America/2026/VGC (Liquipedia, via API 2026-09-28) ; https://standings.limitlessvgc.com/0035/pairings?round=16 (Limitless round 16, table 98: pairing+winner agree)"
2026-naic-masters-semifinal-shoma-honami-vs-francesco-pio-pero,match,2026 Pokémon North America International Championships (New Orleans),2026-06-13,2026-06-13,champions,Champions M-A,doubles,masters,Semifinal,Shoma Honami,Francesco Pio Pero,Francesco Pio Pero,https://www.youtube.com/watch?v=OGIDk9YcLZI,,https://standings.limitlessvgc.com/0035/pairings?round=16,https://rk9.gg/roster/NA02wgUPFDXKmQmqILwS,https://liquipedia.net/pokemon/Pokemon_Championships/International/North_America/2026/VGC,1,queued,"stream=not listed on Liquipedia (on-stream status unconfirmed) | start_local=2026-06-13 18:15 CDT | series=0-2 | vod_kind=day-stream VOD (D2) to check | teamlists: https://standings.limitlessvgc.com/0035/player/0262/teamlist ; https://standings.limitlessvgc.com/0035/player/0154/teamlist | src: https://liquipedia.net/pokemon/Pokemon_Championships/International/North_America/2026/VGC (Liquipedia, via API 2026-09-28) ; https://standings.limitlessvgc.com/0035/pairings?round=16 (Limitless round 16, table 97: pairing+winner agree)"
2026-naic-masters-final-francesco-pio-pero-vs-eric-rios,match,2026 Pokémon North America International Championships (New Orleans),2026-06-14,2026-06-14,champions,Champions M-A,doubles,masters,Final,Francesco Pio Pero,Eric Rios,Francesco Pio Pero,https://www.youtube.com/watch?v=m4FLZ-ygl6Q,,https://standings.limitlessvgc.com/0035/pairings?round=17,https://rk9.gg/roster/NA02wgUPFDXKmQmqILwS,https://liquipedia.net/pokemon/Pokemon_Championships/International/North_America/2026/VGC,1,queued,"stream=main stream (Pokémon) | start_local=2026-06-14 16:20 CDT | series=2-1 | vod_kind=per-match upload (Play! Pokémon) | teamlists: https://standings.limitlessvgc.com/0035/player/0154/teamlist ; https://standings.limitlessvgc.com/0035/player/1085/teamlist | src: https://liquipedia.net/pokemon/Pokemon_Championships/International/North_America/2026/VGC (Liquipedia, via API 2026-09-28) ; https://standings.limitlessvgc.com/0035/pairings?round=17 (Limitless round 17, table 97: pairing+winner agree) | day/stream VOD: https://youtu.be/igPt0ZyyUSY"
2026-taiwan,event,2025-26 Taiwan Master Ball League (VGC division),2026-06-13,2026-06-14,champions,Champions M-A,doubles,,,,,Chen Yu-Wei,https://www.youtube.com/watch?v=nUvrBGSWsXM,,https://victoryroad.pro/2026-taiwan/,https://victoryroad.pro/2026-taiwan/,,1,queued,broadcast=official (Play! Pokémon / regional Pokémon Company channel) | vods: D2 https://youtu.be/nUvrBGSWsXM [Pokémon ZH official] | sources: https://victoryroad.pro/2026-season-calendar/ | Chinese-language broadcast (寶可夢 官方 / Pokémon Official ZH). Day 1 VOD not located. Winner per VR standings table (raw page); a WebFetch summary had 1st/2nd swapped.
2026-taiwan-masters-final-chen-yu-wei-vs-liu-jian-ting,match,2025-26 Taiwan Master Ball League (VGC division),2026-06-14,2026-06-14,champions,Champions M-A,doubles,masters,Final,Chen Yu-Wei,Liu Jian-Ting,Chen Yu-Wei,https://www.youtube.com/watch?v=nUvrBGSWsXM,,https://victoryroad.pro/2026-taiwan/,https://victoryroad.pro/2026-taiwan/,,1,queued,"stream=official broadcast (Pokémon ZH official) | start_local=2026-06-14 (date of final not published; last event day) | series=not published | vod_kind=day-stream VOD (D2; final assumed on the last day) | pairing derived from the Victory Road final-standings table (1st vs 2nd in a single-elimination cut); no bracket page with game scores found | src: https://victoryroad.pro/2026-taiwan/ (read from the raw page, 2026-09-28)"
2026-worlds,event,"2026 Pokémon World Championships (VGC, San Francisco)",2026-08-28,2026-08-30,champions,Champions M-B,doubles,,,,,Takuma Yamazaki,https://www.youtube.com/watch?v=SPiMHL6SfzA,,https://standings.limitlessvgc.com/0036/standings,https://rk9.gg/roster/WCS02wAQpCIaqFmXxER4,https://liquipedia.net/pokemon/Pokemon_Championships/Worlds/2026/VGC,1,queued,"broadcast=official (Play! Pokémon / regional Pokémon Company channel) | vods: D1 https://youtu.be/_tdCPvqrGKY [Official Pokémon]; D1 mirror https://youtu.be/3fFcm3xhgz8 [Play Pokémon]; D2 https://youtu.be/SPiMHL6SfzA [Official Pokémon]; D2 mirror https://youtu.be/0dXYJpyEDFs [Play Pokémon]; Sun https://youtu.be/cqXdwdtjzuA [Official Pokémon]; Sun mirror https://youtu.be/wZsfNzoOV7s [Play Pokémon]; Masters final https://youtu.be/GHNLQjVj1Xc [Play Pokémon]; VR side D1 EN https://youtu.be/vWhV86zF740 [Victory Road]; VR side D1 ES https://youtu.be/k5yK7ifpuPA [Victory Road]; VR side D2 EN https://youtu.be/LrRp5JHCwDk [Victory Road]; VR side D2 ES https://youtu.be/T9ktRhhz-5U [Victory Road] | sources: https://victoryroad.pro/2026-season-calendar/ , https://victoryroad.pro/2026-worlds/ , https://rk9.gg/pairings/WCS02wAQpCIaqFmXxER4 | Pilot match files exist: knowledge/film/matches/worlds2026-masters-*.md (see pilot-report.md)."
2026-worlds-masters-r1-ko-tsukide-vs-antonio-sanchez,match,"2026 Pokémon World Championships (VGC, San Francisco)",2026-08-28,2026-08-28,champions,Champions M-B,doubles,masters,R1,Ko Tsukide,Antonio Sánchez,Antonio Sánchez,https://www.youtube.com/watch?v=k5yK7ifpuPA,,https://standings.limitlessvgc.com/0036/pairings?round=1,https://rk9.gg/roster/WCS02wAQpCIaqFmXxER4,https://liquipedia.net/pokemon/Pokemon_Championships/Worlds/2026/VGC,1,queued,"stream=Victory Road side stream (EN) | start_local=2026-08-28 09:35 PDT | series=0-2 | vod_kind=side-stream VOD (ID from Liquipedia) | teamlists: https://standings.limitlessvgc.com/0036/player/0027/teamlist ; https://standings.limitlessvgc.com/0036/player/0028/teamlist | src: https://liquipedia.net/pokemon/Pokemon_Championships/Worlds/2026/VGC (Liquipedia, via API 2026-09-28) ; https://standings.limitlessvgc.com/0036/pairings?round=1 (Limitless round 1, table 142: pairing+winner agree)"
2026-worlds-masters-r1-sebastian-escalante-vs-flavio-del-pidio,match,"2026 Pokémon World Championships (VGC, San Francisco)",2026-08-28,2026-08-28,champions,Champions M-B,doubles,masters,R1,Sebastian Escalante,Flavio Del Pidio,Sebastian Escalante,https://www.youtube.com/watch?v=vWhV86zF740,,https://standings.limitlessvgc.com/0036/pairings?round=1,https://rk9.gg/roster/WCS02wAQpCIaqFmXxER4,https://liquipedia.net/pokemon/Pokemon_Championships/Worlds/2026/VGC,1,queued,"stream=Victory Road side stream (EN) | start_local=2026-08-28 10:35 PDT | series=2-1 | vod_kind=side-stream VOD (ID from Liquipedia) | teamlists: https://standings.limitlessvgc.com/0036/player/0009/teamlist ; https://standings.limitlessvgc.com/0036/player/0010/teamlist | src: https://liquipedia.net/pokemon/Pokemon_Championships/Worlds/2026/VGC (Liquipedia, via API 2026-09-28) ; https://standings.limitlessvgc.com/0036/pairings?round=1 (Limitless round 1, table 133: pairing+winner agree)"
2026-worlds-masters-r1-sejun-park-vs-juan-salerno,match,"2026 Pokémon World Championships (VGC, San Francisco)",2026-08-28,2026-08-28,champions,Champions M-B,doubles,masters,R1,Sejun Park,Juan Salerno,Sejun Park,https://www.youtube.com/watch?v=_tdCPvqrGKY,,https://standings.limitlessvgc.com/0036/pairings?round=1,https://rk9.gg/roster/WCS02wAQpCIaqFmXxER4,https://liquipedia.net/pokemon/Pokemon_Championships/Worlds/2026/VGC,1,queued,"stream=main stream (Pokémon) | start_local=2026-08-28 10:30 PDT | series=2-0 | vod_kind=day-stream VOD (ID from Liquipedia) | teamlists: https://standings.limitlessvgc.com/0036/player/0165/teamlist ; https://standings.limitlessvgc.com/0036/player/0166/teamlist | src: https://liquipedia.net/pokemon/Pokemon_Championships/Worlds/2026/VGC (Liquipedia, via API 2026-09-28) ; https://standings.limitlessvgc.com/0036/pairings?round=1 (Limitless round 1, table 211: pairing+winner agree)"
2026-worlds-masters-r1-wolfe-glick-vs-hirofumi-kimura,match,"2026 Pokémon World Championships (VGC, San Francisco)",2026-08-28,2026-08-28,champions,Champions M-B,doubles,masters,R1,Wolfe Glick,Hirofumi Kimura,Wolfe Glick,https://www.youtube.com/watch?v=_tdCPvqrGKY,,https://standings.limitlessvgc.com/0036/pairings?round=1,https://rk9.gg/roster/WCS02wAQpCIaqFmXxER4,https://liquipedia.net/pokemon/Pokemon_Championships/Worlds/2026/VGC,1,queued,"stream=main stream (Pokémon) | start_local=2026-08-28 09:35 PDT | series=2-0 | vod_kind=day-stream VOD (ID from Liquipedia) | teamlists: https://standings.limitlessvgc.com/0036/player/0169/teamlist ; https://standings.limitlessvgc.com/0036/player/0170/teamlist | src: https://liquipedia.net/pokemon/Pokemon_Championships/Worlds/2026/VGC (Liquipedia, via API 2026-09-28) ; https://standings.limitlessvgc.com/0036/pairings?round=1 (Limitless round 1, table 213: pairing+winner agree)"
2026-worlds-masters-r2-alex-underhill-vs-eduardo-cunha,match,"2026 Pokémon World Championships (VGC, San Francisco)",2026-08-28,2026-08-28,champions,Champions M-B,doubles,masters,R2,Alex Underhill,Eduardo Cunha,Eduardo Cunha,https://www.youtube.com/watch?v=_tdCPvqrGKY,,https://standings.limitlessvgc.com/0036/pairings?round=2,https://rk9.gg/roster/WCS02wAQpCIaqFmXxER4,https://liquipedia.net/pokemon/Pokemon_Championships/Worlds/2026/VGC,1,queued,"stream=main stream (Pokémon) | start_local=2026-08-28 11:40 PDT | series=1-2 | vod_kind=day-stream VOD (ID from Liquipedia) | teamlists: https://standings.limitlessvgc.com/0036/player/0385/teamlist ; https://standings.limitlessvgc.com/0036/player/0102/teamlist | src: https://liquipedia.net/pokemon/Pokemon_Championships/Worlds/2026/VGC (Liquipedia, via API 2026-09-28) ; https://standings.limitlessvgc.com/0036/pairings?round=2 (Limitless round 2, table 172: pairing+winner agree)"
2026-worlds-masters-r2-michael-kelsch-vs-chyr-wei,match,"2026 Pokémon World Championships (VGC, San Francisco)",2026-08-28,2026-08-28,champions,Champions M-B,doubles,masters,R2,Michael Kelsch,Chyr Wei,Chyr Wei,https://www.youtube.com/watch?v=k5yK7ifpuPA,,https://standings.limitlessvgc.com/0036/pairings?round=2,https://rk9.gg/roster/WCS02wAQpCIaqFmXxER4,https://liquipedia.net/pokemon/Pokemon_Championships/Worlds/2026/VGC,1,queued,"stream=Victory Road side stream (EN) | start_local=2026-08-28 11:35 PDT | series=0-2 | vod_kind=side-stream VOD (ID from Liquipedia) | teamlists: https://standings.limitlessvgc.com/0036/player/0016/teamlist ; https://standings.limitlessvgc.com/0036/player/0182/teamlist | src: https://liquipedia.net/pokemon/Pokemon_Championships/Worlds/2026/VGC (Liquipedia, via API 2026-09-28) ; https://standings.limitlessvgc.com/0036/pairings?round=2 (Limitless round 2, table 189: pairing+winner agree)"
2026-worlds-masters-r2-yuki-zaninovich-vs-alex-gomez-berna,match,"2026 Pokémon World Championships (VGC, San Francisco)",2026-08-28,2026-08-28,champions,Champions M-B,doubles,masters,R2,Yuki Zaninovich,Alex Gómez Berna,Yuki Zaninovich,https://www.youtube.com/watch?v=vWhV86zF740,,https://standings.limitlessvgc.com/0036/pairings?round=2,https://rk9.gg/roster/WCS02wAQpCIaqFmXxER4,https://liquipedia.net/pokemon/Pokemon_Championships/Worlds/2026/VGC,1,queued,"stream=Victory Road side stream (EN) | start_local=2026-08-28 11:35 PDT | series=2-0 | vod_kind=side-stream VOD (ID from Liquipedia) | teamlists: https://standings.limitlessvgc.com/0036/player/0201/teamlist ; https://standings.limitlessvgc.com/0036/player/0012/teamlist | src: https://liquipedia.net/pokemon/Pokemon_Championships/Worlds/2026/VGC (Liquipedia, via API 2026-09-28) ; https://standings.limitlessvgc.com/0036/pairings?round=2 (Limitless round 2, table 149: pairing+winner agree)"
2026-worlds-masters-r3-dawei-si-vs-yuma-kinugawa,match,"2026 Pokémon World Championships (VGC, San Francisco)",2026-08-28,2026-08-28,champions,Champions M-B,doubles,masters,R3,Dawei Si,Yuma Kinugawa,Dawei Si,https://www.youtube.com/watch?v=k5yK7ifpuPA,,https://standings.limitlessvgc.com/0036/pairings?round=3,https://rk9.gg/roster/WCS02wAQpCIaqFmXxER4,https://liquipedia.net/pokemon/Pokemon_Championships/Worlds/2026/VGC,1,queued,"stream=Victory Road side stream (EN) | start_local=2026-08-28 12:45 PDT | series=2-0 | vod_kind=side-stream VOD (ID from Liquipedia) | teamlists: https://standings.limitlessvgc.com/0036/player/0367/teamlist ; https://standings.limitlessvgc.com/0036/player/0291/teamlist | src: https://liquipedia.net/pokemon/Pokemon_Championships/Worlds/2026/VGC (Liquipedia, via API 2026-09-28) ; https://standings.limitlessvgc.com/0036/pairings?round=3 (Limitless round 3, table 156: pairing+winner agree)"
2026-worlds-masters-r3-rintaro-arai-vs-taran-birdee,match,"2026 Pokémon World Championships (VGC, San Francisco)",2026-08-28,2026-08-28,champions,Champions M-B,doubles,masters,R3,Rintaro Arai,Taran Birdee,Taran Birdee,https://www.youtube.com/watch?v=vWhV86zF740,,https://standings.limitlessvgc.com/0036/pairings?round=3,https://rk9.gg/roster/WCS02wAQpCIaqFmXxER4,https://liquipedia.net/pokemon/Pokemon_Championships/Worlds/2026/VGC,1,queued,"stream=Victory Road side stream (EN) | start_local=2026-08-28 12:50 PDT | series=1-2 | vod_kind=side-stream VOD (ID from Liquipedia) | teamlists: https://standings.limitlessvgc.com/0036/player/0347/teamlist ; https://standings.limitlessvgc.com/0036/player/0346/teamlist | src: https://liquipedia.net/pokemon/Pokemon_Championships/Worlds/2026/VGC (Liquipedia, via API 2026-09-28) ; https://standings.limitlessvgc.com/0036/pairings?round=3 (Limitless round 3, table 150: pairing+winner agree)"
2026-worlds-masters-r3-zachary-weed-vs-paul-chua,match,"2026 Pokémon World Championships (VGC, San Francisco)",2026-08-28,2026-08-28,champions,Champions M-B,doubles,masters,R3,Zachary Weed,Paul Chua,Zachary Weed,https://www.youtube.com/watch?v=_tdCPvqrGKY,,https://standings.limitlessvgc.com/0036/pairings?round=3,https://rk9.gg/roster/WCS02wAQpCIaqFmXxER4,https://liquipedia.net/pokemon/Pokemon_Championships/Worlds/2026/VGC,1,queued,"stream=main stream (Pokémon) | start_local=2026-08-28 12:50 PDT | series=2-0 | vod_kind=day-stream VOD (ID from Liquipedia) | teamlists: https://standings.limitlessvgc.com/0036/player/0017/teamlist ; https://standings.limitlessvgc.com/0036/player/0127/teamlist | src: https://liquipedia.net/pokemon/Pokemon_Championships/Worlds/2026/VGC (Liquipedia, via API 2026-09-28) ; https://standings.limitlessvgc.com/0036/pairings?round=3 (Limitless round 3, table 154: pairing+winner agree)"
2026-worlds-masters-r4-chanmin-lee-vs-chloe-bourke,match,"2026 Pokémon World Championships (VGC, San Francisco)",2026-08-28,2026-08-28,champions,Champions M-B,doubles,masters,R4,Chanmin Lee,Chloe Bourke,Chloe Bourke,https://www.youtube.com/watch?v=_tdCPvqrGKY,,https://standings.limitlessvgc.com/0036/pairings?round=4,https://rk9.gg/roster/WCS02wAQpCIaqFmXxER4,https://liquipedia.net/pokemon/Pokemon_Championships/Worlds/2026/VGC,1,queued,"stream=main stream (Pokémon) | start_local=2026-08-28 13:40 PDT | series=1-2 | vod_kind=day-stream VOD (ID from Liquipedia) | teamlists: https://standings.limitlessvgc.com/0036/player/0140/teamlist ; https://standings.limitlessvgc.com/0036/player/0050/teamlist | src: https://liquipedia.net/pokemon/Pokemon_Championships/Worlds/2026/VGC (Liquipedia, via API 2026-09-28) ; https://standings.limitlessvgc.com/0036/pairings?round=4 (Limitless round 4, table 149: pairing+winner agree) | Limitless spelling: 이 찬민 (Chanmin Lee) vs Chloe Bourke -> Bourke"
2026-worlds-masters-r4-edward-fan-vs-kota-kawabe,match,"2026 Pokémon World Championships (VGC, San Francisco)",2026-08-28,2026-08-28,champions,Champions M-B,doubles,masters,R4,Edward Fan,Kota Kawabe,Kota Kawabe,https://www.youtube.com/watch?v=k5yK7ifpuPA,,https://standings.limitlessvgc.com/0036/pairings?round=4,https://rk9.gg/roster/WCS02wAQpCIaqFmXxER4,https://liquipedia.net/pokemon/Pokemon_Championships/Worlds/2026/VGC,1,queued,"stream=Victory Road side stream (EN) | start_local=2026-08-28 13:35 PDT | series=0-2 | vod_kind=side-stream VOD (ID from Liquipedia) | teamlists: https://standings.limitlessvgc.com/0036/player/0144/teamlist ; https://standings.limitlessvgc.com/0036/player/0056/teamlist | src: https://liquipedia.net/pokemon/Pokemon_Championships/Worlds/2026/VGC (Liquipedia, via API 2026-09-28) ; https://standings.limitlessvgc.com/0036/pairings?round=4 (Limitless round 4, table 151: pairing+winner agree)"
2026-worlds-masters-r4-justin-tang-vs-nikolaj-hj-nielsen,match,"2026 Pokémon World Championships (VGC, San Francisco)",2026-08-28,2026-08-28,champions,Champions M-B,doubles,masters,R4,Justin Tang,Nikolaj Høj Nielsen,Justin Tang,https://www.youtube.com/watch?v=vWhV86zF740,,https://standings.limitlessvgc.com/0036/pairings?round=4,https://rk9.gg/roster/WCS02wAQpCIaqFmXxER4,https://liquipedia.net/pokemon/Pokemon_Championships/Worlds/2026/VGC,1,queued,"stream=Victory Road side stream (EN) | start_local=2026-08-28 13:35 PDT | series=2-0 | vod_kind=side-stream VOD (ID from Liquipedia) | teamlists: https://standings.limitlessvgc.com/0036/player/0113/teamlist ; https://standings.limitlessvgc.com/0036/player/0243/teamlist | src: https://liquipedia.net/pokemon/Pokemon_Championships/Worlds/2026/VGC (Liquipedia, via API 2026-09-28) ; https://standings.limitlessvgc.com/0036/pairings?round=4 (Limitless round 4, table 150: pairing+winner agree)"
2026-worlds-masters-r5-eric-rios-vs-antonio-sanchez,match,"2026 Pokémon World Championships (VGC, San Francisco)",2026-08-28,2026-08-28,champions,Champions M-B,doubles,masters,R5,Eric Rios,Antonio Sánchez,Antonio Sánchez,https://www.youtube.com/watch?v=vWhV86zF740,,https://standings.limitlessvgc.com/0036/pairings?round=5,https://rk9.gg/roster/WCS02wAQpCIaqFmXxER4,https://liquipedia.net/pokemon/Pokemon_Championships/Worlds/2026/VGC,1,queued,"stream=Victory Road side stream (EN) | start_local=2026-08-28 14:40 PDT | series=1-2 | vod_kind=side-stream VOD (ID from Liquipedia) | teamlists: https://standings.limitlessvgc.com/0036/player/0005/teamlist ; https://standings.limitlessvgc.com/0036/player/0028/teamlist | src: https://liquipedia.net/pokemon/Pokemon_Championships/Worlds/2026/VGC (Liquipedia, via API 2026-09-28) ; https://standings.limitlessvgc.com/0036/pairings?round=5 (Limitless round 5, table 131: pairing+winner agree)"
2026-worlds-masters-r5-naoto-mizobuchi-vs-adam-cherfaoui,match,"2026 Pokémon World Championships (VGC, San Francisco)",2026-08-28,2026-08-28,champions,Champions M-B,doubles,masters,R5,Naoto Mizobuchi,Adam Cherfaoui,Naoto Mizobuchi,https://www.youtube.com/watch?v=_tdCPvqrGKY,,https://standings.limitlessvgc.com/0036/pairings?round=5,https://rk9.gg/roster/WCS02wAQpCIaqFmXxER4,https://liquipedia.net/pokemon/Pokemon_Championships/Worlds/2026/VGC,1,queued,"stream=main stream (Pokémon) | start_local=2026-08-28 14:45 PDT | series=2-1 | vod_kind=day-stream VOD (ID from Liquipedia) | teamlists: https://standings.limitlessvgc.com/0036/player/0047/teamlist ; https://standings.limitlessvgc.com/0036/player/0343/teamlist | src: https://liquipedia.net/pokemon/Pokemon_Championships/Worlds/2026/VGC (Liquipedia, via API 2026-09-28) ; https://standings.limitlessvgc.com/0036/pairings?round=5 (Limitless round 5, table 134: pairing+winner agree)"
2026-worlds-masters-r5-stefan-mott-vs-yuya-wakasugi,match,"2026 Pokémon World Championships (VGC, San Francisco)",2026-08-28,2026-08-28,champions,Champions M-B,doubles,masters,R5,Stefan Mott,Yuya Wakasugi,Yuya Wakasugi,https://www.youtube.com/watch?v=k5yK7ifpuPA,,https://standings.limitlessvgc.com/0036/pairings?round=5,https://rk9.gg/roster/WCS02wAQpCIaqFmXxER4,https://liquipedia.net/pokemon/Pokemon_Championships/Worlds/2026/VGC,1,queued,"stream=Victory Road side stream (EN) | start_local=2026-08-28 14:40 PDT | series=0-2 | vod_kind=side-stream VOD (ID from Liquipedia) | teamlists: https://standings.limitlessvgc.com/0036/player/0387/teamlist ; https://standings.limitlessvgc.com/0036/player/0255/teamlist | src: https://liquipedia.net/pokemon/Pokemon_Championships/Worlds/2026/VGC (Liquipedia, via API 2026-09-28) ; https://standings.limitlessvgc.com/0036/pairings?round=5 (Limitless round 5, table 139: pairing+winner agree)"
2026-worlds-masters-r6-cary-d-ortona-vs-narawitch-naenna,match,"2026 Pokémon World Championships (VGC, San Francisco)",2026-08-28,2026-08-28,champions,Champions M-B,doubles,masters,R6,Cary D'Ortona,Narawitch Naenna,Cary D'Ortona,https://www.youtube.com/watch?v=_tdCPvqrGKY,,https://standings.limitlessvgc.com/0036/pairings?round=6,https://rk9.gg/roster/WCS02wAQpCIaqFmXxER4,https://liquipedia.net/pokemon/Pokemon_Championships/Worlds/2026/VGC,1,queued,"stream=main stream (Pokémon) | start_local=2026-08-28 15:55 PDT | series=2-1 | vod_kind=day-stream VOD (ID from Liquipedia) | teamlists: https://standings.limitlessvgc.com/0036/player/0353/teamlist ; https://standings.limitlessvgc.com/0036/player/0288/teamlist | src: https://liquipedia.net/pokemon/Pokemon_Championships/Worlds/2026/VGC (Liquipedia, via API 2026-09-28) ; https://standings.limitlessvgc.com/0036/pairings?round=6 (Limitless round 6, table 129: pairing+winner agree)"
2026-worlds-masters-r6-eduardo-cunha-vs-joji-kaieda,match,"2026 Pokémon World Championships (VGC, San Francisco)",2026-08-28,2026-08-28,champions,Champions M-B,doubles,masters,R6,Eduardo Cunha,Joji Kaieda,Joji Kaieda,https://www.youtube.com/watch?v=k5yK7ifpuPA,,https://standings.limitlessvgc.com/0036/pairings?round=6,https://rk9.gg/roster/WCS02wAQpCIaqFmXxER4,https://liquipedia.net/pokemon/Pokemon_Championships/Worlds/2026/VGC,1,queued,"stream=Victory Road side stream (EN) | start_local=2026-08-28 15:45 PDT | series=1-2 | vod_kind=side-stream VOD (ID from Liquipedia) | teamlists: https://standings.limitlessvgc.com/0036/player/0102/teamlist ; https://standings.limitlessvgc.com/0036/player/0041/teamlist | src: https://liquipedia.net/pokemon/Pokemon_Championships/Worlds/2026/VGC (Liquipedia, via API 2026-09-28) ; https://standings.limitlessvgc.com/0036/pairings?round=6 (Limitless round 6, table 157: pairing+winner agree)"
2026-worlds-masters-r6-hiroshi-onishi-vs-naoto-mizobuchi,match,"2026 Pokémon World Championships (VGC, San Francisco)",2026-08-28,2026-08-28,champions,Champions M-B,doubles,masters,R6,Hiroshi Onishi,Naoto Mizobuchi,Naoto Mizobuchi,https://www.youtube.com/watch?v=vWhV86zF740,,https://standings.limitlessvgc.com/0036/pairings?round=6,https://rk9.gg/roster/WCS02wAQpCIaqFmXxER4,https://liquipedia.net/pokemon/Pokemon_Championships/Worlds/2026/VGC,1,queued,"stream=Victory Road side stream (EN) | start_local=2026-08-28 15:45 PDT | series=0-2 | vod_kind=side-stream VOD (ID from Liquipedia) | teamlists: https://standings.limitlessvgc.com/0036/player/0074/teamlist ; https://standings.limitlessvgc.com/0036/player/0047/teamlist | src: https://liquipedia.net/pokemon/Pokemon_Championships/Worlds/2026/VGC (Liquipedia, via API 2026-09-28) ; https://standings.limitlessvgc.com/0036/pairings?round=6 (Limitless round 6, table 134: pairing+winner agree)"
2026-worlds-masters-r7-dawei-si-vs-jonathan-marston,match,"2026 Pokémon World Championships (VGC, San Francisco)",2026-08-28,2026-08-28,champions,Champions M-B,doubles,masters,R7,Dawei Si,Jonathan Marston,Dawei Si,https://www.youtube.com/watch?v=vWhV86zF740,,https://standings.limitlessvgc.com/0036/pairings?round=7,https://rk9.gg/roster/WCS02wAQpCIaqFmXxER4,https://liquipedia.net/pokemon/Pokemon_Championships/Worlds/2026/VGC,1,queued,"stream=Victory Road side stream (EN) | start_local=2026-08-28 16:45 PDT | series=2-1 | vod_kind=side-stream VOD (ID from Liquipedia) | teamlists: https://standings.limitlessvgc.com/0036/player/0367/teamlist ; https://standings.limitlessvgc.com/0036/player/0261/teamlist | src: https://liquipedia.net/pokemon/Pokemon_Championships/Worlds/2026/VGC (Liquipedia, via API 2026-09-28) ; https://standings.limitlessvgc.com/0036/pairings?round=7 (Limitless round 7, table 147: pairing+winner agree)"
2026-worlds-masters-r7-filip-wozniak-vs-pok-yin-evan-choi,match,"2026 Pokémon World Championships (VGC, San Francisco)",2026-08-28,2026-08-28,champions,Champions M-B,doubles,masters,R7,Filip Woźniak,Pok Yin Evan Choi,Filip Woźniak,https://www.youtube.com/watch?v=_tdCPvqrGKY,,https://standings.limitlessvgc.com/0036/pairings?round=7,https://rk9.gg/roster/WCS02wAQpCIaqFmXxER4,https://liquipedia.net/pokemon/Pokemon_Championships/Worlds/2026/VGC,1,queued,"stream=main stream (Pokémon) | start_local=2026-08-28 16:50 PDT | series=2-0 | vod_kind=day-stream VOD (ID from Liquipedia) | teamlists: https://standings.limitlessvgc.com/0036/player/0066/teamlist ; https://standings.limitlessvgc.com/0036/player/0306/teamlist | src: https://liquipedia.net/pokemon/Pokemon_Championships/Worlds/2026/VGC (Liquipedia, via API 2026-09-28) ; https://standings.limitlessvgc.com/0036/pairings?round=7 (Limitless round 7, table 138: pairing+winner agree)"
2026-worlds-masters-r7-jiseok-lee-vs-yuya-tada,match,"2026 Pokémon World Championships (VGC, San Francisco)",2026-08-28,2026-08-28,champions,Champions M-B,doubles,masters,R7,Jiseok Lee,Yuya Tada,Yuya Tada,https://www.youtube.com/watch?v=k5yK7ifpuPA,,https://standings.limitlessvgc.com/0036/pairings?round=7,https://rk9.gg/roster/WCS02wAQpCIaqFmXxER4,https://liquipedia.net/pokemon/Pokemon_Championships/Worlds/2026/VGC,1,queued,"stream=Victory Road side stream (EN) | start_local=2026-08-28 16:55 PDT | series=0-2 | vod_kind=side-stream VOD (ID from Liquipedia) | teamlists: https://standings.limitlessvgc.com/0036/player/0077/teamlist ; https://standings.limitlessvgc.com/0036/player/0091/teamlist | src: https://liquipedia.net/pokemon/Pokemon_Championships/Worlds/2026/VGC (Liquipedia, via API 2026-09-28) ; https://standings.limitlessvgc.com/0036/pairings?round=7 (Limitless round 7, table 141: pairing+winner agree)"
2026-worlds-masters-r8-cary-d-ortona-vs-carson-st-denis,match,"2026 Pokémon World Championships (VGC, San Francisco)",2026-08-28,2026-08-28,champions,Champions M-B,doubles,masters,R8,Cary D'Ortona,Carson St. Denis,Carson St. Denis,https://www.youtube.com/watch?v=k5yK7ifpuPA,,https://standings.limitlessvgc.com/0036/pairings?round=8,https://rk9.gg/roster/WCS02wAQpCIaqFmXxER4,https://liquipedia.net/pokemon/Pokemon_Championships/Worlds/2026/VGC,1,queued,"stream=Victory Road side stream (EN) | start_local=2026-08-28 17:40 PDT | series=1-2 | vod_kind=side-stream VOD (ID from Liquipedia) | teamlists: https://standings.limitlessvgc.com/0036/player/0353/teamlist ; https://standings.limitlessvgc.com/0036/player/0026/teamlist | src: https://liquipedia.net/pokemon/Pokemon_Championships/Worlds/2026/VGC (Liquipedia, via API 2026-09-28) ; https://standings.limitlessvgc.com/0036/pairings?round=8 (Limitless round 8, table 130: pairing+winner agree)"
2026-worlds-masters-r8-hiroshi-onishi-vs-shohei-kimura,match,"2026 Pokémon World Championships (VGC, San Francisco)",2026-08-28,2026-08-28,champions,Champions M-B,doubles,masters,R8,Hiroshi Onishi,Shohei Kimura,Shohei Kimura,https://www.youtube.com/watch?v=_tdCPvqrGKY,,https://standings.limitlessvgc.com/0036/pairings?round=8,https://rk9.gg/roster/WCS02wAQpCIaqFmXxER4,https://liquipedia.net/pokemon/Pokemon_Championships/Worlds/2026/VGC,1,queued,"stream=main stream (Pokémon) | start_local=2026-08-28 17:50 PDT | series=0-2 | vod_kind=day-stream VOD (ID from Liquipedia) | teamlists: https://standings.limitlessvgc.com/0036/player/0074/teamlist ; https://standings.limitlessvgc.com/0036/player/0088/teamlist | src: https://liquipedia.net/pokemon/Pokemon_Championships/Worlds/2026/VGC (Liquipedia, via API 2026-09-28) ; https://standings.limitlessvgc.com/0036/pairings?round=8 (Limitless round 8, table 133: pairing+winner agree)"
2026-worlds-masters-r8-shoma-honami-vs-paul-chua,match,"2026 Pokémon World Championships (VGC, San Francisco)",2026-08-28,2026-08-28,champions,Champions M-B,doubles,masters,R8,Shoma Honami,Paul Chua,Paul Chua,https://www.youtube.com/watch?v=vWhV86zF740,,https://standings.limitlessvgc.com/0036/pairings?round=8,https://rk9.gg/roster/WCS02wAQpCIaqFmXxER4,https://liquipedia.net/pokemon/Pokemon_Championships/Worlds/2026/VGC,1,queued,"stream=Victory Road side stream (EN) | start_local=2026-08-28 17:40 PDT | series=1-2 | vod_kind=side-stream VOD (ID from Liquipedia) | teamlists: https://standings.limitlessvgc.com/0036/player/0276/teamlist ; https://standings.limitlessvgc.com/0036/player/0127/teamlist | src: https://liquipedia.net/pokemon/Pokemon_Championships/Worlds/2026/VGC (Liquipedia, via API 2026-09-28) ; https://standings.limitlessvgc.com/0036/pairings?round=8 (Limitless round 8, table 153: pairing+winner agree)"
2026-worlds-masters-r9-alex-underhill-vs-brandon-davis,match,"2026 Pokémon World Championships (VGC, San Francisco)",2026-08-29,2026-08-29,champions,Champions M-B,doubles,masters,R9,Alex Underhill,Brandon Davis,Brandon Davis,https://www.youtube.com/watch?v=T9ktRhhz-5U,,https://standings.limitlessvgc.com/0036/pairings?round=9,https://rk9.gg/roster/WCS02wAQpCIaqFmXxER4,https://liquipedia.net/pokemon/Pokemon_Championships/Worlds/2026/VGC,1,queued,"stream=Victory Road side stream (EN) | start_local=2026-08-29 09:05 PDT | series=1-2 | vod_kind=side-stream VOD (ID from Liquipedia) | teamlists: https://standings.limitlessvgc.com/0036/player/0385/teamlist ; https://standings.limitlessvgc.com/0036/player/0379/teamlist | src: https://liquipedia.net/pokemon/Pokemon_Championships/Worlds/2026/VGC (Liquipedia, via API 2026-09-28) ; https://standings.limitlessvgc.com/0036/pairings?round=9 (Limitless round 9, table 123: pairing+winner agree)"
2026-worlds-masters-r9-naoto-mizobuchi-vs-shohei-kimura,match,"2026 Pokémon World Championships (VGC, San Francisco)",2026-08-29,2026-08-29,champions,Champions M-B,doubles,masters,R9,Naoto Mizobuchi,Shohei Kimura,Shohei Kimura,https://www.youtube.com/watch?v=LrRp5JHCwDk,,https://standings.limitlessvgc.com/0036/pairings?round=9,https://rk9.gg/roster/WCS02wAQpCIaqFmXxER4,https://liquipedia.net/pokemon/Pokemon_Championships/Worlds/2026/VGC,1,queued,"stream=Victory Road side stream (EN) | start_local=2026-08-29 09:05 PDT | series=0-2 | vod_kind=side-stream VOD (ID from Liquipedia) | teamlists: https://standings.limitlessvgc.com/0036/player/0047/teamlist ; https://standings.limitlessvgc.com/0036/player/0088/teamlist | src: https://liquipedia.net/pokemon/Pokemon_Championships/Worlds/2026/VGC (Liquipedia, via API 2026-09-28) ; https://standings.limitlessvgc.com/0036/pairings?round=9 (Limitless round 9, table 112: pairing+winner agree)"
2026-worlds-masters-r9-yuya-wakasugi-vs-cary-d-ortona,match,"2026 Pokémon World Championships (VGC, San Francisco)",2026-08-29,2026-08-29,champions,Champions M-B,doubles,masters,R9,Yuya Wakasugi,Cary D'Ortona,Cary D'Ortona,https://www.youtube.com/watch?v=SPiMHL6SfzA,,https://standings.limitlessvgc.com/0036/pairings?round=9,https://rk9.gg/roster/WCS02wAQpCIaqFmXxER4,https://liquipedia.net/pokemon/Pokemon_Championships/Worlds/2026/VGC,1,queued,"stream=main stream (Pokémon) | start_local=2026-08-29 09:25 PDT | series=0-2 | vod_kind=day-stream VOD (ID from Liquipedia) | teamlists: https://standings.limitlessvgc.com/0036/player/0255/teamlist ; https://standings.limitlessvgc.com/0036/player/0353/teamlist | src: https://liquipedia.net/pokemon/Pokemon_Championships/Worlds/2026/VGC (Liquipedia, via API 2026-09-28) ; https://standings.limitlessvgc.com/0036/pairings?round=9 (Limitless round 9, table 110: pairing+winner agree)"
2026-worlds-masters-r10-antonio-sanchez-vs-giovanni-piscitelli,match,"2026 Pokémon World Championships (VGC, San Francisco)",2026-08-29,2026-08-29,champions,Champions M-B,doubles,masters,R10,Antonio Sánchez,Giovanni Piscitelli,Antonio Sánchez,https://www.youtube.com/watch?v=SPiMHL6SfzA,,https://standings.limitlessvgc.com/0036/pairings?round=10,https://rk9.gg/roster/WCS02wAQpCIaqFmXxER4,https://liquipedia.net/pokemon/Pokemon_Championships/Worlds/2026/VGC,1,queued,"stream=main stream (Pokémon) | start_local=2026-08-29 10:15 PDT | series=2-1 | vod_kind=day-stream VOD (ID from Liquipedia) | teamlists: https://standings.limitlessvgc.com/0036/player/0028/teamlist ; https://standings.limitlessvgc.com/0036/player/0076/teamlist | src: https://liquipedia.net/pokemon/Pokemon_Championships/Worlds/2026/VGC (Liquipedia, via API 2026-09-28) ; https://standings.limitlessvgc.com/0036/pairings?round=10 (Limitless round 10, table 111: pairing+winner agree)"
2026-worlds-masters-r10-mattie-morgan-vs-emilio-forbes,match,"2026 Pokémon World Championships (VGC, San Francisco)",2026-08-29,2026-08-29,champions,Champions M-B,doubles,masters,R10,Mattie Morgan,Emilio Forbes,Emilio Forbes,https://www.youtube.com/watch?v=LrRp5JHCwDk,,https://standings.limitlessvgc.com/0036/pairings?round=10,https://rk9.gg/roster/WCS02wAQpCIaqFmXxER4,https://liquipedia.net/pokemon/Pokemon_Championships/Worlds/2026/VGC,1,queued,"stream=Victory Road side stream (EN) | start_local=2026-08-29 10:00 PDT | series=1-2 | vod_kind=side-stream VOD (ID from Liquipedia) | teamlists: https://standings.limitlessvgc.com/0036/player/0214/teamlist ; https://standings.limitlessvgc.com/0036/player/0111/teamlist | src: https://liquipedia.net/pokemon/Pokemon_Championships/Worlds/2026/VGC (Liquipedia, via API 2026-09-28) ; https://standings.limitlessvgc.com/0036/pairings?round=10 (Limitless round 10, table 116: pairing+winner agree)"
2026-worlds-masters-r10-stefano-greppi-vs-zachary-weed,match,"2026 Pokémon World Championships (VGC, San Francisco)",2026-08-29,2026-08-29,champions,Champions M-B,doubles,masters,R10,Stefano Greppi,Zachary Weed,Zachary Weed,https://www.youtube.com/watch?v=T9ktRhhz-5U,,https://standings.limitlessvgc.com/0036/pairings?round=10,https://rk9.gg/roster/WCS02wAQpCIaqFmXxER4,https://liquipedia.net/pokemon/Pokemon_Championships/Worlds/2026/VGC,1,queued,"stream=Victory Road side stream (EN) | start_local=2026-08-29 10:00 PDT | series=1-2 | vod_kind=side-stream VOD (ID from Liquipedia) | teamlists: https://standings.limitlessvgc.com/0036/player/0194/teamlist ; https://standings.limitlessvgc.com/0036/player/0017/teamlist | src: https://liquipedia.net/pokemon/Pokemon_Championships/Worlds/2026/VGC (Liquipedia, via API 2026-09-28) ; https://standings.limitlessvgc.com/0036/pairings?round=10 (Limitless round 10, table 113: pairing+winner agree)"
2026-worlds-masters-r11-emilio-forbes-vs-raghav-malaviya,match,"2026 Pokémon World Championships (VGC, San Francisco)",2026-08-29,2026-08-29,champions,Champions M-B,doubles,masters,R11,Emilio Forbes,Raghav Malaviya,Emilio Forbes,https://www.youtube.com/watch?v=SPiMHL6SfzA,,https://standings.limitlessvgc.com/0036/pairings?round=11,https://rk9.gg/roster/WCS02wAQpCIaqFmXxER4,https://liquipedia.net/pokemon/Pokemon_Championships/Worlds/2026/VGC,1,queued,"stream=main stream (Pokémon) | start_local=2026-08-29 11:30 PDT | series=2-1 | vod_kind=day-stream VOD (ID from Liquipedia) | teamlists: https://standings.limitlessvgc.com/0036/player/0111/teamlist ; https://standings.limitlessvgc.com/0036/player/0188/teamlist | src: https://liquipedia.net/pokemon/Pokemon_Championships/Worlds/2026/VGC (Liquipedia, via API 2026-09-28) ; https://standings.limitlessvgc.com/0036/pairings?round=11 (Limitless round 11, table 117: pairing+winner agree)"
2026-worlds-masters-r11-justin-tang-vs-joao-felipe-leite,match,"2026 Pokémon World Championships (VGC, San Francisco)",2026-08-29,2026-08-29,champions,Champions M-B,doubles,masters,R11,Justin Tang,João Felipe Leite,João Felipe Leite,https://www.youtube.com/watch?v=T9ktRhhz-5U,,https://standings.limitlessvgc.com/0036/pairings?round=11,https://rk9.gg/roster/WCS02wAQpCIaqFmXxER4,https://liquipedia.net/pokemon/Pokemon_Championships/Worlds/2026/VGC,1,queued,"stream=Victory Road side stream (EN) | start_local=2026-08-29 11:15 PDT | series=0-2 | vod_kind=side-stream VOD (ID from Liquipedia) | teamlists: https://standings.limitlessvgc.com/0036/player/0113/teamlist ; https://standings.limitlessvgc.com/0036/player/0081/teamlist | src: https://liquipedia.net/pokemon/Pokemon_Championships/Worlds/2026/VGC (Liquipedia, via API 2026-09-28) ; https://standings.limitlessvgc.com/0036/pairings?round=11 (Limitless round 11, table 121: pairing+winner agree)"
2026-worlds-masters-r11-kiran-singh-vs-navjit-joshi,match,"2026 Pokémon World Championships (VGC, San Francisco)",2026-08-29,2026-08-29,champions,Champions M-B,doubles,masters,R11,Kiran Singh,Navjit Joshi,Navjit Joshi,https://www.youtube.com/watch?v=LrRp5JHCwDk,,https://standings.limitlessvgc.com/0036/pairings?round=11,https://rk9.gg/roster/WCS02wAQpCIaqFmXxER4,https://liquipedia.net/pokemon/Pokemon_Championships/Worlds/2026/VGC,1,queued,"stream=Victory Road side stream (EN) | start_local=2026-08-29 11:15 PDT | series=1-2 | vod_kind=side-stream VOD (ID from Liquipedia) | teamlists: https://standings.limitlessvgc.com/0036/player/0004/teamlist ; https://standings.limitlessvgc.com/0036/player/0132/teamlist | src: https://liquipedia.net/pokemon/Pokemon_Championships/Worlds/2026/VGC (Liquipedia, via API 2026-09-28) ; https://standings.limitlessvgc.com/0036/pairings?round=11 (Limitless round 11, table 120: pairing+winner agree)"
2026-worlds-masters-top-16-carson-st-denis-vs-joao-felipe-leite,match,"2026 Pokémon World Championships (VGC, San Francisco)",2026-08-29,2026-08-29,champions,Champions M-B,doubles,masters,Top 16,Carson St. Denis,João Felipe Leite,João Felipe Leite,https://www.youtube.com/watch?v=SPiMHL6SfzA,,https://standings.limitlessvgc.com/0036/pairings?round=12,https://rk9.gg/roster/WCS02wAQpCIaqFmXxER4,https://liquipedia.net/pokemon/Pokemon_Championships/Worlds/2026/VGC,1,queued,"stream=main stream (Pokémon) | start_local=2026-08-29 12:40 PDT | series=1-2 | vod_kind=day-stream VOD (ID from Liquipedia) | teamlists: https://standings.limitlessvgc.com/0036/player/0026/teamlist ; https://standings.limitlessvgc.com/0036/player/0081/teamlist | src: https://liquipedia.net/pokemon/Pokemon_Championships/Worlds/2026/VGC (Liquipedia, via API 2026-09-28) ; https://standings.limitlessvgc.com/0036/pairings?round=12 (Limitless round 12, table 111: pairing+winner agree)"
2026-worlds-masters-top-16-cary-d-ortona-vs-stefano-greppi,match,"2026 Pokémon World Championships (VGC, San Francisco)",2026-08-29,2026-08-29,champions,Champions M-B,doubles,masters,Top 16,Cary D'Ortona,Stefano Greppi,Stefano Greppi,https://www.youtube.com/watch?v=SPiMHL6SfzA,,https://standings.limitlessvgc.com/0036/pairings?round=12,https://rk9.gg/roster/WCS02wAQpCIaqFmXxER4,https://liquipedia.net/pokemon/Pokemon_Championships/Worlds/2026/VGC,1,queued,"stream=not listed on Liquipedia (on-stream status unconfirmed) | start_local=2026-08-29 | series=1-2 | vod_kind=day-stream VOD (D2) to check | teamlists: https://standings.limitlessvgc.com/0036/player/0353/teamlist ; https://standings.limitlessvgc.com/0036/player/0194/teamlist | src: https://liquipedia.net/pokemon/Pokemon_Championships/Worlds/2026/VGC (Liquipedia, via API 2026-09-28) ; https://standings.limitlessvgc.com/0036/pairings?round=12 (Limitless round 12, table 113: pairing+winner agree)"
2026-worlds-masters-top-16-emilio-forbes-vs-yuya-wakasugi,match,"2026 Pokémon World Championships (VGC, San Francisco)",2026-08-29,2026-08-29,champions,Champions M-B,doubles,masters,Top 16,Emilio Forbes,Yuya Wakasugi,Yuya Wakasugi,https://www.youtube.com/watch?v=SPiMHL6SfzA,,https://standings.limitlessvgc.com/0036/pairings?round=12,https://rk9.gg/roster/WCS02wAQpCIaqFmXxER4,https://liquipedia.net/pokemon/Pokemon_Championships/Worlds/2026/VGC,1,queued,"stream=not listed on Liquipedia (on-stream status unconfirmed) | start_local=2026-08-29 | series=1-2 | vod_kind=day-stream VOD (D2) to check | teamlists: https://standings.limitlessvgc.com/0036/player/0111/teamlist ; https://standings.limitlessvgc.com/0036/player/0255/teamlist | src: https://liquipedia.net/pokemon/Pokemon_Championships/Worlds/2026/VGC (Liquipedia, via API 2026-09-28) ; https://standings.limitlessvgc.com/0036/pairings?round=12 (Limitless round 12, table 114: pairing+winner agree)"
2026-worlds-masters-top-16-hiroshi-onishi-vs-navjit-joshi,match,"2026 Pokémon World Championships (VGC, San Francisco)",2026-08-29,2026-08-29,champions,Champions M-B,doubles,masters,Top 16,Hiroshi Onishi,Navjit Joshi,Hiroshi Onishi,https://www.youtube.com/watch?v=46OkhmCYGTA,,https://standings.limitlessvgc.com/0036/pairings?round=12,https://rk9.gg/roster/WCS02wAQpCIaqFmXxER4,https://liquipedia.net/pokemon/Pokemon_Championships/Worlds/2026/VGC,1,queued,"stream=Victory Road (per its ""Top Cut"" upload; not listed on Liquipedia) | start_local=2026-08-29 12:35 PDT | series=2-0 | vod_kind=per-match upload (Victory Road) | teamlists: https://standings.limitlessvgc.com/0036/player/0074/teamlist ; https://standings.limitlessvgc.com/0036/player/0132/teamlist | src: https://liquipedia.net/pokemon/Pokemon_Championships/Worlds/2026/VGC (Liquipedia, via API 2026-09-28) ; https://standings.limitlessvgc.com/0036/pairings?round=12 (Limitless round 12, table 110: pairing+winner agree) | day/stream VOD: https://youtu.be/SPiMHL6SfzA"
2026-worlds-masters-top-16-shohei-kimura-vs-giovanni-piscitelli,match,"2026 Pokémon World Championships (VGC, San Francisco)",2026-08-29,2026-08-29,champions,Champions M-B,doubles,masters,Top 16,Shohei Kimura,Giovanni Piscitelli,Giovanni Piscitelli,https://www.youtube.com/watch?v=SPiMHL6SfzA,,https://standings.limitlessvgc.com/0036/pairings?round=12,https://rk9.gg/roster/WCS02wAQpCIaqFmXxER4,https://liquipedia.net/pokemon/Pokemon_Championships/Worlds/2026/VGC,1,queued,"stream=not listed on Liquipedia (on-stream status unconfirmed) | start_local=2026-08-29 12:35 PDT | series=0-2 | vod_kind=day-stream VOD (D2) to check | teamlists: https://standings.limitlessvgc.com/0036/player/0088/teamlist ; https://standings.limitlessvgc.com/0036/player/0076/teamlist | src: https://liquipedia.net/pokemon/Pokemon_Championships/Worlds/2026/VGC (Liquipedia, via API 2026-09-28) ; https://standings.limitlessvgc.com/0036/pairings?round=12 (Limitless round 12, table 112: pairing+winner agree)"
2026-worlds-masters-quarterfinal-antonio-sanchez-vs-hiroshi-onishi,match,"2026 Pokémon World Championships (VGC, San Francisco)",2026-08-29,2026-08-29,champions,Champions M-B,doubles,masters,Quarterfinal,Antonio Sánchez,Hiroshi Onishi,Hiroshi Onishi,https://www.youtube.com/watch?v=SPiMHL6SfzA,,https://standings.limitlessvgc.com/0036/pairings?round=13,https://rk9.gg/roster/WCS02wAQpCIaqFmXxER4,https://liquipedia.net/pokemon/Pokemon_Championships/Worlds/2026/VGC,1,queued,"stream=main stream (Pokémon) | start_local=2026-08-29 13:30 PDT | series=0-2 | vod_kind=day-stream VOD (ID from Liquipedia) | teamlists: https://standings.limitlessvgc.com/0036/player/0028/teamlist ; https://standings.limitlessvgc.com/0036/player/0074/teamlist | src: https://liquipedia.net/pokemon/Pokemon_Championships/Worlds/2026/VGC (Liquipedia, via API 2026-09-28) ; https://standings.limitlessvgc.com/0036/pairings?round=13 (Limitless round 13, table 110: pairing+winner agree)"
2026-worlds-masters-quarterfinal-joao-felipe-leite-vs-giovanni-piscitelli,match,"2026 Pokémon World Championships (VGC, San Francisco)",2026-08-29,2026-08-29,champions,Champions M-B,doubles,masters,Quarterfinal,João Felipe Leite,Giovanni Piscitelli,João Felipe Leite,https://www.youtube.com/watch?v=SPiMHL6SfzA,,https://standings.limitlessvgc.com/0036/pairings?round=13,https://rk9.gg/roster/WCS02wAQpCIaqFmXxER4,https://liquipedia.net/pokemon/Pokemon_Championships/Worlds/2026/VGC,1,queued,"stream=main stream (Pokémon) | start_local=2026-08-29 14:15 PDT | series=2-0 | vod_kind=day-stream VOD (ID from Liquipedia) | teamlists: https://standings.limitlessvgc.com/0036/player/0081/teamlist ; https://standings.limitlessvgc.com/0036/player/0076/teamlist | src: https://liquipedia.net/pokemon/Pokemon_Championships/Worlds/2026/VGC (Liquipedia, via API 2026-09-28) ; https://standings.limitlessvgc.com/0036/pairings?round=13 (Limitless round 13, table 111: pairing+winner agree)"
2026-worlds-masters-quarterfinal-takuma-yamazaki-vs-stefano-greppi,match,"2026 Pokémon World Championships (VGC, San Francisco)",2026-08-29,2026-08-29,champions,Champions M-B,doubles,masters,Quarterfinal,Takuma Yamazaki,Stefano Greppi,Takuma Yamazaki,https://www.youtube.com/watch?v=SPiMHL6SfzA,,https://standings.limitlessvgc.com/0036/pairings?round=13,https://rk9.gg/roster/WCS02wAQpCIaqFmXxER4,https://liquipedia.net/pokemon/Pokemon_Championships/Worlds/2026/VGC,1,queued,"stream=main stream (Pokémon) | start_local=2026-08-29 15:00 PDT | series=2-0 | vod_kind=day-stream VOD (ID from Liquipedia) | teamlists: https://standings.limitlessvgc.com/0036/player/0311/teamlist ; https://standings.limitlessvgc.com/0036/player/0194/teamlist | src: https://liquipedia.net/pokemon/Pokemon_Championships/Worlds/2026/VGC (Liquipedia, via API 2026-09-28) ; https://standings.limitlessvgc.com/0036/pairings?round=13 (Limitless round 13, table 112: pairing+winner agree)"
2026-worlds-masters-quarterfinal-zachary-weed-vs-yuya-wakasugi,match,"2026 Pokémon World Championships (VGC, San Francisco)",2026-08-29,2026-08-29,champions,Champions M-B,doubles,masters,Quarterfinal,Zachary Weed,Yuya Wakasugi,Zachary Weed,https://www.youtube.com/watch?v=SPiMHL6SfzA,,https://standings.limitlessvgc.com/0036/pairings?round=13,https://rk9.gg/roster/WCS02wAQpCIaqFmXxER4,https://liquipedia.net/pokemon/Pokemon_Championships/Worlds/2026/VGC,1,queued,"stream=main stream (Pokémon) | start_local=2026-08-29 15:35 PDT | series=2-1 | vod_kind=day-stream VOD (ID from Liquipedia) | teamlists: https://standings.limitlessvgc.com/0036/player/0017/teamlist ; https://standings.limitlessvgc.com/0036/player/0255/teamlist | src: https://liquipedia.net/pokemon/Pokemon_Championships/Worlds/2026/VGC (Liquipedia, via API 2026-09-28) ; https://standings.limitlessvgc.com/0036/pairings?round=13 (Limitless round 13, table 113: pairing+winner agree)"
2026-worlds-masters-semifinal-hiroshi-onishi-vs-joao-felipe-leite,match,"2026 Pokémon World Championships (VGC, San Francisco)",2026-08-29,2026-08-29,champions,Champions M-B,doubles,masters,Semifinal,Hiroshi Onishi,João Felipe Leite,Hiroshi Onishi,https://www.youtube.com/watch?v=SPiMHL6SfzA,,https://standings.limitlessvgc.com/0036/pairings?round=14,https://rk9.gg/roster/WCS02wAQpCIaqFmXxER4,https://liquipedia.net/pokemon/Pokemon_Championships/Worlds/2026/VGC,1,queued,"stream=main stream (Pokémon) | start_local=2026-08-29 16:25 PDT | series=2-0 | vod_kind=day-stream VOD (ID from Liquipedia) | teamlists: https://standings.limitlessvgc.com/0036/player/0074/teamlist ; https://standings.limitlessvgc.com/0036/player/0081/teamlist | src: https://liquipedia.net/pokemon/Pokemon_Championships/Worlds/2026/VGC (Liquipedia, via API 2026-09-28) ; https://standings.limitlessvgc.com/0036/pairings?round=14 (Limitless round 14, table 110: pairing+winner agree) | pilot draft files: knowledge/film/matches/worlds2026-masters-semifinal-onishi-vs-leite-g2.md"
2026-worlds-masters-semifinal-takuma-yamazaki-vs-zachary-weed,match,"2026 Pokémon World Championships (VGC, San Francisco)",2026-08-29,2026-08-29,champions,Champions M-B,doubles,masters,Semifinal,Takuma Yamazaki,Zachary Weed,Takuma Yamazaki,https://www.youtube.com/watch?v=SPiMHL6SfzA,,https://standings.limitlessvgc.com/0036/pairings?round=14,https://rk9.gg/roster/WCS02wAQpCIaqFmXxER4,https://liquipedia.net/pokemon/Pokemon_Championships/Worlds/2026/VGC,1,queued,"stream=main stream (Pokémon) | start_local=2026-08-29 17:05 PDT | series=2-1 | vod_kind=day-stream VOD (ID from Liquipedia) | teamlists: https://standings.limitlessvgc.com/0036/player/0311/teamlist ; https://standings.limitlessvgc.com/0036/player/0017/teamlist | src: https://liquipedia.net/pokemon/Pokemon_Championships/Worlds/2026/VGC (Liquipedia, via API 2026-09-28) ; https://standings.limitlessvgc.com/0036/pairings?round=14 (Limitless round 14, table 111: pairing+winner agree) | pilot draft files: knowledge/film/matches/worlds2026-masters-semifinal-yamazaki-vs-weed-g3.md"
2026-worlds-masters-final-hiroshi-onishi-vs-takuma-yamazaki,match,"2026 Pokémon World Championships (VGC, San Francisco)",2026-08-30,2026-08-30,champions,Champions M-B,doubles,masters,Final,Hiroshi Onishi,Takuma Yamazaki,Takuma Yamazaki,https://www.youtube.com/watch?v=GHNLQjVj1Xc,,https://standings.limitlessvgc.com/0036/pairings?round=15,https://rk9.gg/roster/WCS02wAQpCIaqFmXxER4,https://liquipedia.net/pokemon/Pokemon_Championships/Worlds/2026/VGC,1,draft-text,"stream=main stream (Pokémon) | start_local=2026-08-30 19:25 PDT | series=1-2 | vod_kind=per-match upload (Play! Pokémon) | teamlists: https://standings.limitlessvgc.com/0036/player/0074/teamlist ; https://standings.limitlessvgc.com/0036/player/0311/teamlist | src: https://liquipedia.net/pokemon/Pokemon_Championships/Worlds/2026/VGC (Liquipedia, via API 2026-09-28) ; https://standings.limitlessvgc.com/0036/pairings?round=15 (Limitless round 15, table 110: pairing+winner agree) | day/stream VOD: https://youtu.be/cqXdwdtjzuA | pilot draft files: knowledge/film/matches/worlds2026-masters-final-onishi-vs-yamazaki-g1.md, -g2.md, -g3.md"
2027-baltimore,event,2027 Pokémon Baltimore Regional Championships,2026-09-19,2026-09-20,champions,Champions M-C,doubles,,,,,Joseph Ugarte,https://www.youtube.com/watch?v=LhsiXLo-MIw,,https://standings.limitlessvgc.com/0037/standings,https://rk9.gg/roster/BA002-JL3KVbvivVKNAc,https://liquipedia.net/pokemon/Pokemon_Championships/Regional/Baltimore/2027/VGC,1,queued,"broadcast=official (Play! Pokémon / regional Pokémon Company channel) | vods: D1 https://youtu.be/glHaZKkad3k [Play Pokémon]; D1 mirror https://youtu.be/erUbuZ5fpLw [Official Pokémon]; D2 https://youtu.be/LhsiXLo-MIw [Play Pokémon]; D2 mirror https://youtu.be/oAURE51w72w [Official Pokémon]; Masters final https://youtu.be/nBYGPgQqX70 [Play Pokémon] | sources: https://victoryroad.pro/2027-season-calendar/ , https://victoryroad.pro/2027-baltimore/ , https://rk9.gg/pairings/BA002-JL3KVbvivVKNAc | First M-C event with official VODs. Liquipedia times for this event are labelled PST."
2027-baltimore-masters-r2-kyle-livinghouse-vs-nick-navarre,match,2027 Pokémon Baltimore Regional Championships,2026-09-19,2026-09-19,champions,Champions M-C,doubles,masters,R2,Kyle Livinghouse,Nick Navarre,Nick Navarre,https://www.youtube.com/watch?v=glHaZKkad3k,,https://standings.limitlessvgc.com/0037/pairings?round=2,https://rk9.gg/roster/BA002-JL3KVbvivVKNAc,https://liquipedia.net/pokemon/Pokemon_Championships/Regional/Baltimore/2027/VGC,1,queued,"stream=main stream (Pokémon) | start_local=2026-09-19 05:55 PST | series=1-2 | vod_kind=day-stream VOD (D1, matched by date) | teamlists: https://standings.limitlessvgc.com/0037/player/0622/teamlist ; https://standings.limitlessvgc.com/0037/player/0707/teamlist | src: https://liquipedia.net/pokemon/Pokemon_Championships/Regional/Baltimore/2027/VGC (Liquipedia, via API 2026-09-28) ; https://standings.limitlessvgc.com/0037/pairings?round=2 (Limitless round 2, table 57: pairing+winner agree)"
2027-baltimore-masters-r3-matt-tidd-vs-bhushan-thumsi,match,2027 Pokémon Baltimore Regional Championships,2026-09-19,2026-09-19,champions,Champions M-C,doubles,masters,R3,Matt Tidd,Bhushan Thumsi,Bhushan Thumsi,https://www.youtube.com/watch?v=glHaZKkad3k,,https://standings.limitlessvgc.com/0037/pairings?round=3,https://rk9.gg/roster/BA002-JL3KVbvivVKNAc,https://liquipedia.net/pokemon/Pokemon_Championships/Regional/Baltimore/2027/VGC,1,queued,"stream=main stream (Pokémon) | start_local=2026-09-19 07:10 PST | series=1-2 | vod_kind=day-stream VOD (D1, matched by date) | teamlists: https://standings.limitlessvgc.com/0037/player/0880/teamlist ; https://standings.limitlessvgc.com/0037/player/0314/teamlist | src: https://liquipedia.net/pokemon/Pokemon_Championships/Regional/Baltimore/2027/VGC (Liquipedia, via API 2026-09-28) ; https://standings.limitlessvgc.com/0037/pairings?round=3 (Limitless round 3, table 178: pairing+winner agree)"
2027-baltimore-masters-r4-dylan-matthews-vs-joseph-ugarte,match,2027 Pokémon Baltimore Regional Championships,2026-09-19,2026-09-19,champions,Champions M-C,doubles,masters,R4,Dylan Matthews,Joseph Ugarte,Joseph Ugarte,https://www.youtube.com/watch?v=glHaZKkad3k,,https://standings.limitlessvgc.com/0037/pairings?round=4,https://rk9.gg/roster/BA002-JL3KVbvivVKNAc,https://liquipedia.net/pokemon/Pokemon_Championships/Regional/Baltimore/2027/VGC,1,queued,"stream=main stream (Pokémon) | start_local=2026-09-19 08:10 PST | series=1-2 | vod_kind=day-stream VOD (D1, matched by date) | teamlists: https://standings.limitlessvgc.com/0037/player/0405/teamlist ; https://standings.limitlessvgc.com/0037/player/0991/teamlist | src: https://liquipedia.net/pokemon/Pokemon_Championships/Regional/Baltimore/2027/VGC (Liquipedia, via API 2026-09-28) ; https://standings.limitlessvgc.com/0037/pairings?round=4 (Limitless round 4, table 85: pairing+winner agree)"
2027-baltimore-masters-r5-santino-tarquinio-vs-nicholas-morales,match,2027 Pokémon Baltimore Regional Championships,2026-09-19,2026-09-19,champions,Champions M-C,doubles,masters,R5,Santino Tarquinio,Nicholas Morales,Santino Tarquinio,https://www.youtube.com/watch?v=glHaZKkad3k,,https://standings.limitlessvgc.com/0037/pairings?round=5,https://rk9.gg/roster/BA002-JL3KVbvivVKNAc,https://liquipedia.net/pokemon/Pokemon_Championships/Regional/Baltimore/2027/VGC,1,queued,"stream=main stream (Pokémon) | start_local=2026-09-19 09:15 PST | series=2-0 | vod_kind=day-stream VOD (D1, matched by date) | teamlists: https://standings.limitlessvgc.com/0037/player/0204/teamlist ; https://standings.limitlessvgc.com/0037/player/0135/teamlist | src: https://liquipedia.net/pokemon/Pokemon_Championships/Regional/Baltimore/2027/VGC (Liquipedia, via API 2026-09-28) ; https://standings.limitlessvgc.com/0037/pairings?round=5 (Limitless round 5, table 77: pairing+winner agree)"
2027-baltimore-masters-r6-omar-trejo-vs-dorian-kang,match,2027 Pokémon Baltimore Regional Championships,2026-09-19,2026-09-19,champions,Champions M-C,doubles,masters,R6,Omar Trejo,Dorian Kang,Dorian Kang,https://www.youtube.com/watch?v=glHaZKkad3k,,https://standings.limitlessvgc.com/0037/pairings?round=6,https://rk9.gg/roster/BA002-JL3KVbvivVKNAc,https://liquipedia.net/pokemon/Pokemon_Championships/Regional/Baltimore/2027/VGC,1,queued,"stream=main stream (Pokémon) | start_local=2026-09-19 10:20 PST | series=0-2 | vod_kind=day-stream VOD (D1, matched by date) | teamlists: https://standings.limitlessvgc.com/0037/player/0187/teamlist ; https://standings.limitlessvgc.com/0037/player/0931/teamlist | src: https://liquipedia.net/pokemon/Pokemon_Championships/Regional/Baltimore/2027/VGC (Liquipedia, via API 2026-09-28) ; https://standings.limitlessvgc.com/0037/pairings?round=6 (Limitless round 6, table 74: pairing+winner agree)"
2027-baltimore-masters-r7-brady-smith-vs-james-evans,match,2027 Pokémon Baltimore Regional Championships,2026-09-19,2026-09-19,champions,Champions M-C,doubles,masters,R7,Brady Smith,James Evans,Brady Smith,https://www.youtube.com/watch?v=glHaZKkad3k,,https://standings.limitlessvgc.com/0037/pairings?round=7,https://rk9.gg/roster/BA002-JL3KVbvivVKNAc,https://liquipedia.net/pokemon/Pokemon_Championships/Regional/Baltimore/2027/VGC,1,queued,"stream=main stream (Pokémon) | start_local=2026-09-19 11:30 PST | series=2-1 | vod_kind=day-stream VOD (D1, matched by date) | teamlists: https://standings.limitlessvgc.com/0037/player/1018/teamlist ; https://standings.limitlessvgc.com/0037/player/0634/teamlist | src: https://liquipedia.net/pokemon/Pokemon_Championships/Regional/Baltimore/2027/VGC (Liquipedia, via API 2026-09-28) ; https://standings.limitlessvgc.com/0037/pairings?round=7 (Limitless round 7, table 61: pairing+winner agree)"
2027-baltimore-masters-r8-conner-pietrusinski-vs-jonathan-martin,match,2027 Pokémon Baltimore Regional Championships,2026-09-19,2026-09-19,champions,Champions M-C,doubles,masters,R8,Conner Pietrusinski,Jonathan Martin,Conner Pietrusinski,https://www.youtube.com/watch?v=glHaZKkad3k,,https://standings.limitlessvgc.com/0037/pairings?round=8,https://rk9.gg/roster/BA002-JL3KVbvivVKNAc,https://liquipedia.net/pokemon/Pokemon_Championships/Regional/Baltimore/2027/VGC,1,queued,"stream=main stream (Pokémon) | start_local=2026-09-19 12:30 PST | series=2-1 | vod_kind=day-stream VOD (D1, matched by date) | teamlists: https://standings.limitlessvgc.com/0037/player/0366/teamlist ; https://standings.limitlessvgc.com/0037/player/0320/teamlist | src: https://liquipedia.net/pokemon/Pokemon_Championships/Regional/Baltimore/2027/VGC (Liquipedia, via API 2026-09-28) ; https://standings.limitlessvgc.com/0037/pairings?round=8 (Limitless round 8, table 65: pairing+winner agree)"
2027-baltimore-masters-r9-aditya-subramanian-vs-tommy-cooleen,match,2027 Pokémon Baltimore Regional Championships,2026-09-19,2026-09-19,champions,Champions M-C,doubles,masters,R9,Aditya Subramanian,Tommy Cooleen,Aditya Subramanian,https://www.youtube.com/watch?v=glHaZKkad3k,,https://standings.limitlessvgc.com/0037/pairings?round=9,https://rk9.gg/roster/BA002-JL3KVbvivVKNAc,https://liquipedia.net/pokemon/Pokemon_Championships/Regional/Baltimore/2027/VGC,1,queued,"stream=main stream (Pokémon) | start_local=2026-09-19 13:45 PST | series=2-1 | vod_kind=day-stream VOD (D1, matched by date) | teamlists: https://standings.limitlessvgc.com/0037/player/0532/teamlist ; https://standings.limitlessvgc.com/0037/player/0652/teamlist | src: https://liquipedia.net/pokemon/Pokemon_Championships/Regional/Baltimore/2027/VGC (Liquipedia, via API 2026-09-28) ; https://standings.limitlessvgc.com/0037/pairings?round=9 (Limitless round 9, table 74: pairing+winner agree) | Limitless spelling: Aditya Subramanian vs Thomas Cooleen -> Subramanian"
2027-baltimore-masters-r11-brady-smith-vs-lorenzo-arce,match,2027 Pokémon Baltimore Regional Championships,2026-09-20,2026-09-20,champions,Champions M-C,doubles,masters,R11,Brady Smith,Lorenzo Arce,Lorenzo Arce,https://www.youtube.com/watch?v=LhsiXLo-MIw,,https://standings.limitlessvgc.com/0037/pairings?round=11,https://rk9.gg/roster/BA002-JL3KVbvivVKNAc,https://liquipedia.net/pokemon/Pokemon_Championships/Regional/Baltimore/2027/VGC,1,queued,"stream=main stream (Pokémon) | start_local=2026-09-20 05:45 PST | series=1-2 | vod_kind=day-stream VOD (D2, matched by date) | teamlists: https://standings.limitlessvgc.com/0037/player/1018/teamlist ; https://standings.limitlessvgc.com/0037/player/0186/teamlist | src: https://liquipedia.net/pokemon/Pokemon_Championships/Regional/Baltimore/2027/VGC (Liquipedia, via API 2026-09-28) ; https://standings.limitlessvgc.com/0037/pairings?round=11 (Limitless round 11, table 73: pairing+winner agree)"
2027-baltimore-masters-r12-dorian-kang-vs-dylan-matthews,match,2027 Pokémon Baltimore Regional Championships,2026-09-20,2026-09-20,champions,Champions M-C,doubles,masters,R12,Dorian Kang,Dylan Matthews,Dorian Kang,https://www.youtube.com/watch?v=LhsiXLo-MIw,,https://standings.limitlessvgc.com/0037/pairings?round=12,https://rk9.gg/roster/BA002-JL3KVbvivVKNAc,https://liquipedia.net/pokemon/Pokemon_Championships/Regional/Baltimore/2027/VGC,1,queued,"stream=main stream (Pokémon) | start_local=2026-09-20 06:35 PST | series=2-0 | vod_kind=day-stream VOD (D2, matched by date) | teamlists: https://standings.limitlessvgc.com/0037/player/0931/teamlist ; https://standings.limitlessvgc.com/0037/player/0405/teamlist | src: https://liquipedia.net/pokemon/Pokemon_Championships/Regional/Baltimore/2027/VGC (Liquipedia, via API 2026-09-28) ; https://standings.limitlessvgc.com/0037/pairings?round=12 (Limitless round 12, table 75: pairing+winner agree)"
2027-baltimore-masters-r13-conner-pietrusinski-vs-nick-navarre,match,2027 Pokémon Baltimore Regional Championships,2026-09-20,2026-09-20,champions,Champions M-C,doubles,masters,R13,Conner Pietrusinski,Nick Navarre,Conner Pietrusinski,https://www.youtube.com/watch?v=LhsiXLo-MIw,,https://standings.limitlessvgc.com/0037/pairings?round=13,https://rk9.gg/roster/BA002-JL3KVbvivVKNAc,https://liquipedia.net/pokemon/Pokemon_Championships/Regional/Baltimore/2027/VGC,1,queued,"stream=main stream (Pokémon) | start_local=2026-09-20 07:30 PST | series=2-0 | vod_kind=day-stream VOD (D2, matched by date) | teamlists: https://standings.limitlessvgc.com/0037/player/0366/teamlist ; https://standings.limitlessvgc.com/0037/player/0707/teamlist | src: https://liquipedia.net/pokemon/Pokemon_Championships/Regional/Baltimore/2027/VGC (Liquipedia, via API 2026-09-28) ; https://standings.limitlessvgc.com/0037/pairings?round=13 (Limitless round 13, table 81: pairing+winner agree)"
2027-baltimore-masters-top-16-cole-basham-vs-michael-spinetta-mccarthy,match,2027 Pokémon Baltimore Regional Championships,2026-09-20,2026-09-20,champions,Champions M-C,doubles,masters,Top 16,Cole Basham,Michael Spinetta-McCarthy,Cole Basham,https://www.youtube.com/watch?v=LhsiXLo-MIw,,https://standings.limitlessvgc.com/0037/pairings?round=14,https://rk9.gg/roster/BA002-JL3KVbvivVKNAc,https://liquipedia.net/pokemon/Pokemon_Championships/Regional/Baltimore/2027/VGC,1,queued,"stream=not listed on Liquipedia (on-stream status unconfirmed) | start_local=2026-09-20 | series=2-0 | vod_kind=day-stream VOD (D2) to check | teamlists: https://standings.limitlessvgc.com/0037/player/0735/teamlist ; https://standings.limitlessvgc.com/0037/player/0778/teamlist | src: https://liquipedia.net/pokemon/Pokemon_Championships/Regional/Baltimore/2027/VGC (Liquipedia, via API 2026-09-28) ; https://standings.limitlessvgc.com/0037/pairings?round=14 (Limitless round 14, table 77: pairing+winner agree)"
2027-baltimore-masters-top-16-conner-pietrusinski-vs-justin-tang,match,2027 Pokémon Baltimore Regional Championships,2026-09-20,2026-09-20,champions,Champions M-C,doubles,masters,Top 16,Conner Pietrusinski,Justin Tang,Conner Pietrusinski,https://www.youtube.com/watch?v=LhsiXLo-MIw,,https://standings.limitlessvgc.com/0037/pairings?round=14,https://rk9.gg/roster/BA002-JL3KVbvivVKNAc,https://liquipedia.net/pokemon/Pokemon_Championships/Regional/Baltimore/2027/VGC,1,queued,"stream=not listed on Liquipedia (on-stream status unconfirmed) | start_local=2026-09-20 | series=2-1 | vod_kind=day-stream VOD (D2) to check | teamlists: https://standings.limitlessvgc.com/0037/player/0366/teamlist ; https://standings.limitlessvgc.com/0037/player/1076/teamlist | src: https://liquipedia.net/pokemon/Pokemon_Championships/Regional/Baltimore/2027/VGC (Liquipedia, via API 2026-09-28) ; https://standings.limitlessvgc.com/0037/pairings?round=14 (Limitless round 14, table 76: pairing+winner agree)"
2027-baltimore-masters-top-16-dorian-kang-vs-blaik-thompson,match,2027 Pokémon Baltimore Regional Championships,2026-09-20,2026-09-20,champions,Champions M-C,doubles,masters,Top 16,Dorian Kang,Blaik Thompson,Blaik Thompson,https://www.youtube.com/watch?v=LhsiXLo-MIw,,https://standings.limitlessvgc.com/0037/pairings?round=14,https://rk9.gg/roster/BA002-JL3KVbvivVKNAc,https://liquipedia.net/pokemon/Pokemon_Championships/Regional/Baltimore/2027/VGC,1,queued,"stream=not listed on Liquipedia (on-stream status unconfirmed) | start_local=2026-09-20 | series=W/L only (game score not listed) | vod_kind=day-stream VOD (D2) to check | teamlists: https://standings.limitlessvgc.com/0037/player/0931/teamlist ; https://standings.limitlessvgc.com/0037/player/0062/teamlist | src: https://liquipedia.net/pokemon/Pokemon_Championships/Regional/Baltimore/2027/VGC (Liquipedia, via API 2026-09-28) ; https://standings.limitlessvgc.com/0037/pairings?round=14 (Limitless round 14, table 75: pairing+winner agree)"
2027-baltimore-masters-top-16-esa-ishaque-vs-andres-wilkerson,match,2027 Pokémon Baltimore Regional Championships,2026-09-20,2026-09-20,champions,Champions M-C,doubles,masters,Top 16,Esa Ishaque,Andres Wilkerson,Esa Ishaque,https://www.youtube.com/watch?v=LhsiXLo-MIw,,https://standings.limitlessvgc.com/0037/pairings?round=14,https://rk9.gg/roster/BA002-JL3KVbvivVKNAc,https://liquipedia.net/pokemon/Pokemon_Championships/Regional/Baltimore/2027/VGC,1,queued,"stream=not listed on Liquipedia (on-stream status unconfirmed) | start_local=2026-09-20 08:55 PST | series=2-0 | vod_kind=day-stream VOD (D2) to check | teamlists: https://standings.limitlessvgc.com/0037/player/0930/teamlist ; https://standings.limitlessvgc.com/0037/player/0439/teamlist | src: https://liquipedia.net/pokemon/Pokemon_Championships/Regional/Baltimore/2027/VGC (Liquipedia, via API 2026-09-28) ; https://standings.limitlessvgc.com/0037/pairings?round=14 (Limitless round 14, table 74: pairing+winner agree)"
2027-baltimore-masters-top-16-joseph-ugarte-vs-billy-helm,match,2027 Pokémon Baltimore Regional Championships,2026-09-20,2026-09-20,champions,Champions M-C,doubles,masters,Top 16,Joseph Ugarte,Billy Helm,Joseph Ugarte,https://www.youtube.com/watch?v=LhsiXLo-MIw,,https://standings.limitlessvgc.com/0037/pairings?round=14,https://rk9.gg/roster/BA002-JL3KVbvivVKNAc,https://liquipedia.net/pokemon/Pokemon_Championships/Regional/Baltimore/2027/VGC,1,queued,"stream=not listed on Liquipedia (on-stream status unconfirmed) | start_local=2026-09-20 | series=2-0 | vod_kind=day-stream VOD (D2) to check | teamlists: https://standings.limitlessvgc.com/0037/player/0991/teamlist ; https://standings.limitlessvgc.com/0037/player/0725/teamlist | src: https://liquipedia.net/pokemon/Pokemon_Championships/Regional/Baltimore/2027/VGC (Liquipedia, via API 2026-09-28) ; https://standings.limitlessvgc.com/0037/pairings?round=14 (Limitless round 14, table 73: pairing+winner agree)"
2027-baltimore-masters-quarterfinal-aditya-subramanian-vs-cole-basham,match,2027 Pokémon Baltimore Regional Championships,2026-09-20,2026-09-20,champions,Champions M-C,doubles,masters,Quarterfinal,Aditya Subramanian,Cole Basham,Aditya Subramanian,https://www.youtube.com/watch?v=LhsiXLo-MIw,,https://standings.limitlessvgc.com/0037/pairings?round=15,https://rk9.gg/roster/BA002-JL3KVbvivVKNAc,https://liquipedia.net/pokemon/Pokemon_Championships/Regional/Baltimore/2027/VGC,1,queued,"stream=not listed on Liquipedia (on-stream status unconfirmed) | start_local=2026-09-20 11:40 PST | series=2-1 | vod_kind=day-stream VOD (D2) to check | teamlists: https://standings.limitlessvgc.com/0037/player/0532/teamlist ; https://standings.limitlessvgc.com/0037/player/0735/teamlist | src: https://liquipedia.net/pokemon/Pokemon_Championships/Regional/Baltimore/2027/VGC (Liquipedia, via API 2026-09-28) ; https://standings.limitlessvgc.com/0037/pairings?round=15 (Limitless round 15, table 76: pairing+winner agree)"
2027-baltimore-masters-quarterfinal-brady-smith-vs-conner-pietrusinski,match,2027 Pokémon Baltimore Regional Championships,2026-09-20,2026-09-20,champions,Champions M-C,doubles,masters,Quarterfinal,Brady Smith,Conner Pietrusinski,Brady Smith,https://www.youtube.com/watch?v=LhsiXLo-MIw,,https://standings.limitlessvgc.com/0037/pairings?round=15,https://rk9.gg/roster/BA002-JL3KVbvivVKNAc,https://liquipedia.net/pokemon/Pokemon_Championships/Regional/Baltimore/2027/VGC,1,queued,"stream=not listed on Liquipedia (on-stream status unconfirmed) | start_local=2026-09-20 11:00 PST | series=2-1 | vod_kind=day-stream VOD (D2) to check | teamlists: https://standings.limitlessvgc.com/0037/player/1018/teamlist ; https://standings.limitlessvgc.com/0037/player/0366/teamlist | src: https://liquipedia.net/pokemon/Pokemon_Championships/Regional/Baltimore/2027/VGC (Liquipedia, via API 2026-09-28) ; https://standings.limitlessvgc.com/0037/pairings?round=15 (Limitless round 15, table 75: pairing+winner agree)"
2027-baltimore-masters-quarterfinal-esa-ishaque-vs-blaik-thompson,match,2027 Pokémon Baltimore Regional Championships,2026-09-20,2026-09-20,champions,Champions M-C,doubles,masters,Quarterfinal,Esa Ishaque,Blaik Thompson,Blaik Thompson,https://www.youtube.com/watch?v=LhsiXLo-MIw,,https://standings.limitlessvgc.com/0037/pairings?round=15,https://rk9.gg/roster/BA002-JL3KVbvivVKNAc,https://liquipedia.net/pokemon/Pokemon_Championships/Regional/Baltimore/2027/VGC,1,queued,"stream=not listed on Liquipedia (on-stream status unconfirmed) | start_local=2026-09-20 10:20 PST | series=0-2 | vod_kind=day-stream VOD (D2) to check | teamlists: https://standings.limitlessvgc.com/0037/player/0930/teamlist ; https://standings.limitlessvgc.com/0037/player/0062/teamlist | src: https://liquipedia.net/pokemon/Pokemon_Championships/Regional/Baltimore/2027/VGC (Liquipedia, via API 2026-09-28) ; https://standings.limitlessvgc.com/0037/pairings?round=15 (Limitless round 15, table 74: pairing+winner agree)"
2027-baltimore-masters-quarterfinal-lorenzo-arce-vs-joseph-ugarte,match,2027 Pokémon Baltimore Regional Championships,2026-09-20,2026-09-20,champions,Champions M-C,doubles,masters,Quarterfinal,Lorenzo Arce,Joseph Ugarte,Joseph Ugarte,https://www.youtube.com/watch?v=LhsiXLo-MIw,,https://standings.limitlessvgc.com/0037/pairings?round=15,https://rk9.gg/roster/BA002-JL3KVbvivVKNAc,https://liquipedia.net/pokemon/Pokemon_Championships/Regional/Baltimore/2027/VGC,1,queued,"stream=not listed on Liquipedia (on-stream status unconfirmed) | start_local=2026-09-20 09:40 PST | series=0-2 | vod_kind=day-stream VOD (D2) to check | teamlists: https://standings.limitlessvgc.com/0037/player/0186/teamlist ; https://standings.limitlessvgc.com/0037/player/0991/teamlist | src: https://liquipedia.net/pokemon/Pokemon_Championships/Regional/Baltimore/2027/VGC (Liquipedia, via API 2026-09-28) ; https://standings.limitlessvgc.com/0037/pairings?round=15 (Limitless round 15, table 73: pairing+winner agree)"
2027-baltimore-masters-semifinal-brady-smith-vs-aditya-subramanian,match,2027 Pokémon Baltimore Regional Championships,2026-09-20,2026-09-20,champions,Champions M-C,doubles,masters,Semifinal,Brady Smith,Aditya Subramanian,Aditya Subramanian,https://www.youtube.com/watch?v=oxaMnUfKc8Y,,https://standings.limitlessvgc.com/0037/pairings?round=16,https://rk9.gg/roster/BA002-JL3KVbvivVKNAc,https://liquipedia.net/pokemon/Pokemon_Championships/Regional/Baltimore/2027/VGC,1,queued,"stream=official broadcast (confirmed by the Play! Pokémon per-match upload; not listed on Liquipedia) | start_local=2026-09-20 13:05 PST | series=0-2 | vod_kind=per-match upload (Play! Pokémon) | teamlists: https://standings.limitlessvgc.com/0037/player/1018/teamlist ; https://standings.limitlessvgc.com/0037/player/0532/teamlist | src: https://liquipedia.net/pokemon/Pokemon_Championships/Regional/Baltimore/2027/VGC (Liquipedia, via API 2026-09-28) ; https://standings.limitlessvgc.com/0037/pairings?round=16 (Limitless round 16, table 74: pairing+winner agree) | day/stream VOD: https://youtu.be/LhsiXLo-MIw"
2027-baltimore-masters-semifinal-joseph-ugarte-vs-blaik-thompson,match,2027 Pokémon Baltimore Regional Championships,2026-09-20,2026-09-20,champions,Champions M-C,doubles,masters,Semifinal,Joseph Ugarte,Blaik Thompson,Joseph Ugarte,https://www.youtube.com/watch?v=JxjT2-qbJvg,,https://standings.limitlessvgc.com/0037/pairings?round=16,https://rk9.gg/roster/BA002-JL3KVbvivVKNAc,https://liquipedia.net/pokemon/Pokemon_Championships/Regional/Baltimore/2027/VGC,1,queued,"stream=official broadcast (confirmed by the Play! Pokémon per-match upload; not listed on Liquipedia) | start_local=2026-09-20 12:30 PST | series=2-0 | vod_kind=per-match upload (Play! Pokémon) | teamlists: https://standings.limitlessvgc.com/0037/player/0991/teamlist ; https://standings.limitlessvgc.com/0037/player/0062/teamlist | src: https://liquipedia.net/pokemon/Pokemon_Championships/Regional/Baltimore/2027/VGC (Liquipedia, via API 2026-09-28) ; https://standings.limitlessvgc.com/0037/pairings?round=16 (Limitless round 16, table 73: pairing+winner agree) | day/stream VOD: https://youtu.be/LhsiXLo-MIw"
2027-baltimore-masters-final-joseph-ugarte-vs-aditya-subramanian,match,2027 Pokémon Baltimore Regional Championships,2026-09-20,2026-09-20,champions,Champions M-C,doubles,masters,Final,Joseph Ugarte,Aditya Subramanian,Joseph Ugarte,https://www.youtube.com/watch?v=nBYGPgQqX70,,https://standings.limitlessvgc.com/0037/pairings?round=17,https://rk9.gg/roster/BA002-JL3KVbvivVKNAc,https://liquipedia.net/pokemon/Pokemon_Championships/Regional/Baltimore/2027/VGC,1,queued,"stream=official broadcast (confirmed by the Play! Pokémon per-match upload; not listed on Liquipedia) | start_local=2026-09-20 13:50 PST | series=2-0 | vod_kind=per-match upload (Play! Pokémon) | teamlists: https://standings.limitlessvgc.com/0037/player/0991/teamlist ; https://standings.limitlessvgc.com/0037/player/0532/teamlist | src: https://liquipedia.net/pokemon/Pokemon_Championships/Regional/Baltimore/2027/VGC (Liquipedia, via API 2026-09-28) ; https://standings.limitlessvgc.com/0037/pairings?round=17 (Limitless round 17, table 73: pairing+winner agree) | day/stream VOD: https://youtu.be/LhsiXLo-MIw"
2027-indonesia-pbl,event,2026-27 Indonesia Premier Ball League (VGC),2026-09-19,2026-09-20,champions,Champions M-B,doubles,,,,,Rizki Firdaus,https://www.youtube.com/@PokemonIndonesiaOfficial,,https://victoryroad.pro/2027-indonesia-pbl/,https://victoryroad.pro/2027-indonesia-pbl/,,1,queued,broadcast=official (Play! Pokémon / regional Pokémon Company channel) | video_url is a channel page; no VOD located | sources: https://victoryroad.pro/2027-season-calendar/ | Broadcast channel per VR page: https://www.youtube.com/@PokemonIndonesiaOfficial ; VOD not located. VR lists Regulation M-B (not M-C) for this event.
2027-indonesia-pbl-masters-final-rizki-firdaus-vs-aldrich-yan-sutandra,match,2026-27 Indonesia Premier Ball League (VGC),2026-09-20,2026-09-20,champions,Champions M-B,doubles,masters,Final,Rizki Firdaus,Aldrich Yan Sutandra,Rizki Firdaus,https://www.youtube.com/@PokemonIndonesiaOfficial,,https://victoryroad.pro/2027-indonesia-pbl/,https://victoryroad.pro/2027-indonesia-pbl/,,1,queued,"stream=official broadcast (channel per VR page) | start_local=2026-09-20 (date of final not published; last event day) | series=not published | vod_kind=channel page; no VOD located | pairing derived from the Victory Road final-standings table (1st vs 2nd in a single-elimination cut); no bracket page with game scores found | src: https://victoryroad.pro/2027-indonesia-pbl/ (read from the raw page, 2026-09-28)"
2027-brisbane,event,2027 Pokémon Brisbane Regional Championships,2026-09-26,2026-09-27,champions,Champions M-C,doubles,,,,,Kiran Singh,https://www.twitch.tv/oceaniavgc,,https://standings.limitlessvgc.com/0038/standings,https://rk9.gg/roster/BR002-IU5yO1W76UpdyA,https://liquipedia.net/pokemon/Pokemon_Championships/Regional/Brisbane/2027/VGC,1,queued,"broadcast=community channel (not official) | video_url is a channel page; no VOD located | sources: https://victoryroad.pro/2027-season-calendar/ , https://victoryroad.pro/2027-brisbane/ , https://rk9.gg/pairings/BR002-IU5yO1W76UpdyA | Streamed only on the community OceaniaVGC Twitch channel (https://www.twitch.tv/oceaniavgc per VR page and Liquipedia); no VOD located. Included because it is one of three M-C events so far."
2027-brisbane-masters-r2-drew-bliss-vs-joji-kaieda,match,2027 Pokémon Brisbane Regional Championships,2026-09-26,2026-09-26,champions,Champions M-C,doubles,masters,R2,Drew Bliss,Joji Kaieda,Drew Bliss,https://www.twitch.tv/oceaniavgc,,https://standings.limitlessvgc.com/0038/pairings?round=2,https://rk9.gg/roster/BR002-IU5yO1W76UpdyA,https://liquipedia.net/pokemon/Pokemon_Championships/Regional/Brisbane/2027/VGC,1,queued,"stream=community OceaniaVGC Twitch (listed in Liquipedia streamed matches) | start_local=2026-09-26 09:45 AEST | series=2-0 | vod_kind=channel page; no VOD located | teamlists: https://standings.limitlessvgc.com/0038/player/0260/teamlist ; https://standings.limitlessvgc.com/0038/player/0190/teamlist | src: https://liquipedia.net/pokemon/Pokemon_Championships/Regional/Brisbane/2027/VGC (Liquipedia, via API 2026-09-28) ; https://standings.limitlessvgc.com/0038/pairings?round=2 (Limitless round 2, table 17: pairing+winner agree)"
2027-brisbane-masters-r3-dimitri-koziaris-vs-luke-iuele,match,2027 Pokémon Brisbane Regional Championships,2026-09-26,2026-09-26,champions,Champions M-C,doubles,masters,R3,Dimitri Koziaris,Luke Iuele,Dimitri Koziaris,https://www.twitch.tv/oceaniavgc,,https://standings.limitlessvgc.com/0038/pairings?round=3,https://rk9.gg/roster/BR002-IU5yO1W76UpdyA,https://liquipedia.net/pokemon/Pokemon_Championships/Regional/Brisbane/2027/VGC,1,queued,"stream=community OceaniaVGC Twitch (listed in Liquipedia streamed matches) | start_local=2026-09-26 10:30 AEST | series=2-0 | vod_kind=channel page; no VOD located | teamlists: https://standings.limitlessvgc.com/0038/player/0158/teamlist ; https://standings.limitlessvgc.com/0038/player/0127/teamlist | src: https://liquipedia.net/pokemon/Pokemon_Championships/Regional/Brisbane/2027/VGC (Liquipedia, via API 2026-09-28) ; https://standings.limitlessvgc.com/0038/pairings?round=3 (Limitless round 3, table 35: pairing+winner agree)"
2027-brisbane-masters-r4-matthew-henry-vs-chloe-bourke,match,2027 Pokémon Brisbane Regional Championships,2026-09-26,2026-09-26,champions,Champions M-C,doubles,masters,R4,Matthew Henry,Chloe Bourke,Matthew Henry,https://www.twitch.tv/oceaniavgc,,https://standings.limitlessvgc.com/0038/pairings?round=4,https://rk9.gg/roster/BR002-IU5yO1W76UpdyA,https://liquipedia.net/pokemon/Pokemon_Championships/Regional/Brisbane/2027/VGC,1,queued,"stream=community OceaniaVGC Twitch (listed in Liquipedia streamed matches) | start_local=2026-09-26 11:40 AEST | series=2-1 | vod_kind=channel page; no VOD located | teamlists: https://standings.limitlessvgc.com/0038/player/0085/teamlist ; https://standings.limitlessvgc.com/0038/player/0262/teamlist | src: https://liquipedia.net/pokemon/Pokemon_Championships/Regional/Brisbane/2027/VGC (Liquipedia, via API 2026-09-28) ; https://standings.limitlessvgc.com/0038/pairings?round=4 (Limitless round 4, table 9: pairing+winner agree)"
2027-brisbane-masters-r5-tao-bangyu-vs-christopher-gibson,match,2027 Pokémon Brisbane Regional Championships,2026-09-26,2026-09-26,champions,Champions M-C,doubles,masters,R5,Tao Bangyu,Christopher Gibson,Christopher Gibson,https://www.twitch.tv/oceaniavgc,,https://standings.limitlessvgc.com/0038/pairings?round=5,https://rk9.gg/roster/BR002-IU5yO1W76UpdyA,https://liquipedia.net/pokemon/Pokemon_Championships/Regional/Brisbane/2027/VGC,1,queued,"stream=community OceaniaVGC Twitch (listed in Liquipedia streamed matches) | start_local=2026-09-26 13:00 AEST | series=1-2 | vod_kind=channel page; no VOD located | teamlists: https://standings.limitlessvgc.com/0038/player/0269/teamlist ; https://standings.limitlessvgc.com/0038/player/0275/teamlist | src: https://liquipedia.net/pokemon/Pokemon_Championships/Regional/Brisbane/2027/VGC (Liquipedia, via API 2026-09-28) ; https://standings.limitlessvgc.com/0038/pairings?round=5 (Limitless round 5, table 3: pairing+winner agree)"
2027-brisbane-masters-r6-kiran-singh-vs-ben-madigan,match,2027 Pokémon Brisbane Regional Championships,2026-09-26,2026-09-26,champions,Champions M-C,doubles,masters,R6,Kiran Singh,Ben Madigan,Kiran Singh,https://www.twitch.tv/oceaniavgc,,https://standings.limitlessvgc.com/0038/pairings?round=6,https://rk9.gg/roster/BR002-IU5yO1W76UpdyA,https://liquipedia.net/pokemon/Pokemon_Championships/Regional/Brisbane/2027/VGC,1,queued,"stream=community OceaniaVGC Twitch (listed in Liquipedia streamed matches) | start_local=2026-09-26 14:15 AEST | series=2-0 | vod_kind=channel page; no VOD located | teamlists: https://standings.limitlessvgc.com/0038/player/0267/teamlist ; https://standings.limitlessvgc.com/0038/player/0042/teamlist | src: https://liquipedia.net/pokemon/Pokemon_Championships/Regional/Brisbane/2027/VGC (Liquipedia, via API 2026-09-28) ; https://standings.limitlessvgc.com/0038/pairings?round=6 (Limitless round 6, table 5: pairing+winner agree)"
2027-brisbane-masters-r7-emery-joseph-vs-daniel-walker,match,2027 Pokémon Brisbane Regional Championships,2026-09-26,2026-09-26,champions,Champions M-C,doubles,masters,R7,Emery Joseph,Daniel Walker,Daniel Walker,https://www.twitch.tv/oceaniavgc,,https://standings.limitlessvgc.com/0038/pairings?round=7,https://rk9.gg/roster/BR002-IU5yO1W76UpdyA,https://liquipedia.net/pokemon/Pokemon_Championships/Regional/Brisbane/2027/VGC,1,queued,"stream=community OceaniaVGC Twitch (listed in Liquipedia streamed matches) | start_local=2026-09-26 14:50 AEST | series=1-2 | vod_kind=channel page; no VOD located | teamlists: https://standings.limitlessvgc.com/0038/player/0004/teamlist ; https://standings.limitlessvgc.com/0038/player/0315/teamlist | src: https://liquipedia.net/pokemon/Pokemon_Championships/Regional/Brisbane/2027/VGC (Liquipedia, via API 2026-09-28) ; https://standings.limitlessvgc.com/0038/pairings?round=7 (Limitless round 7, table 12: pairing+winner agree)"
2027-brisbane-masters-r8-nicholas-kan-vs-lily-dellow,match,2027 Pokémon Brisbane Regional Championships,2026-09-26,2026-09-26,champions,Champions M-C,doubles,masters,R8,Nicholas Kan,Lily Dellow,Nicholas Kan,https://www.twitch.tv/oceaniavgc,,https://standings.limitlessvgc.com/0038/pairings?round=8,https://rk9.gg/roster/BR002-IU5yO1W76UpdyA,https://liquipedia.net/pokemon/Pokemon_Championships/Regional/Brisbane/2027/VGC,1,queued,"stream=community OceaniaVGC Twitch (listed in Liquipedia streamed matches) | start_local=2026-09-26 15:45 AEST | series=2-0 | vod_kind=channel page; no VOD located | teamlists: https://standings.limitlessvgc.com/0038/player/0212/teamlist ; https://standings.limitlessvgc.com/0038/player/0266/teamlist | src: https://liquipedia.net/pokemon/Pokemon_Championships/Regional/Brisbane/2027/VGC (Liquipedia, via API 2026-09-28) ; https://standings.limitlessvgc.com/0038/pairings?round=8 (Limitless round 8, table 25: pairing+winner agree)"
2027-brisbane-masters-r9-diego-ferreira-vs-daniel-quek,match,2027 Pokémon Brisbane Regional Championships,2026-09-27,2026-09-27,champions,Champions M-C,doubles,masters,R9,Diego Ferreira,Daniel Quek,Daniel Quek,https://www.twitch.tv/oceaniavgc,,https://standings.limitlessvgc.com/0038/pairings?round=9,https://rk9.gg/roster/BR002-IU5yO1W76UpdyA,https://liquipedia.net/pokemon/Pokemon_Championships/Regional/Brisbane/2027/VGC,1,queued,"stream=community OceaniaVGC Twitch (listed in Liquipedia streamed matches) | start_local=2026-09-27 08:30 AEST | series=1-2 | vod_kind=channel page; no VOD located | teamlists: https://standings.limitlessvgc.com/0038/player/0061/teamlist ; https://standings.limitlessvgc.com/0038/player/0137/teamlist | src: https://liquipedia.net/pokemon/Pokemon_Championships/Regional/Brisbane/2027/VGC (Liquipedia, via API 2026-09-28) ; https://standings.limitlessvgc.com/0038/pairings?round=9 (Limitless round 9, table 1: pairing+winner agree)"
2027-brisbane-masters-r10-keigo-tanizawa-vs-matthew-henry,match,2027 Pokémon Brisbane Regional Championships,2026-09-27,2026-09-27,champions,Champions M-C,doubles,masters,R10,Keigo Tanizawa,Matthew Henry,Matthew Henry,https://www.twitch.tv/oceaniavgc,,https://standings.limitlessvgc.com/0038/pairings?round=10,https://rk9.gg/roster/BR002-IU5yO1W76UpdyA,https://liquipedia.net/pokemon/Pokemon_Championships/Regional/Brisbane/2027/VGC,1,queued,"stream=community OceaniaVGC Twitch (listed in Liquipedia streamed matches) | start_local=2026-09-27 09:25 AEST | series=1-2 | vod_kind=channel page; no VOD located | teamlists: https://standings.limitlessvgc.com/0038/player/0175/teamlist ; https://standings.limitlessvgc.com/0038/player/0085/teamlist | src: https://liquipedia.net/pokemon/Pokemon_Championships/Regional/Brisbane/2027/VGC (Liquipedia, via API 2026-09-28) ; https://standings.limitlessvgc.com/0038/pairings?round=10 (Limitless round 10, table 1: pairing+winner agree)"
2027-brisbane-masters-r11-alfredo-chang-gonzalez-vs-elio-stone,match,2027 Pokémon Brisbane Regional Championships,2026-09-27,2026-09-27,champions,Champions M-C,doubles,masters,R11,Alfredo Chang-Gonzalez,Elio Stone,Alfredo Chang-Gonzalez,https://www.twitch.tv/oceaniavgc,,https://standings.limitlessvgc.com/0038/pairings?round=11,https://rk9.gg/roster/BR002-IU5yO1W76UpdyA,https://liquipedia.net/pokemon/Pokemon_Championships/Regional/Brisbane/2027/VGC,1,queued,"stream=community OceaniaVGC Twitch (listed in Liquipedia streamed matches) | start_local=2026-09-27 09:40 AEST | series=2-0 | vod_kind=channel page; no VOD located | teamlists: https://standings.limitlessvgc.com/0038/player/0118/teamlist ; https://standings.limitlessvgc.com/0038/player/0039/teamlist | src: https://liquipedia.net/pokemon/Pokemon_Championships/Regional/Brisbane/2027/VGC (Liquipedia, via API 2026-09-28) ; https://standings.limitlessvgc.com/0038/pairings?round=11 (Limitless round 11, table 7: pairing+winner agree)"
2027-brisbane-masters-top-16-daniel-quek-vs-alfredo-chang-gonzalez,match,2027 Pokémon Brisbane Regional Championships,2026-09-27,2026-09-27,champions,Champions M-C,doubles,masters,Top 16,Daniel Quek,Alfredo Chang-Gonzalez,Daniel Quek,https://www.twitch.tv/oceaniavgc,,https://standings.limitlessvgc.com/0038/pairings?round=12,https://rk9.gg/roster/BR002-IU5yO1W76UpdyA,https://liquipedia.net/pokemon/Pokemon_Championships/Regional/Brisbane/2027/VGC,1,queued,"stream=not listed on Liquipedia (event streamed only on community OceaniaVGC Twitch) | start_local=2026-09-27 | series=W/L only (game score not listed) | vod_kind=channel page; no VOD located | teamlists: https://standings.limitlessvgc.com/0038/player/0137/teamlist ; https://standings.limitlessvgc.com/0038/player/0118/teamlist | src: https://liquipedia.net/pokemon/Pokemon_Championships/Regional/Brisbane/2027/VGC (Liquipedia, via API 2026-09-28) ; https://standings.limitlessvgc.com/0038/pairings?round=12 (Limitless round 12, table 3: pairing+winner agree)"
2027-brisbane-masters-top-16-joshua-sutherland-smith-vs-scott-kennedy,match,2027 Pokémon Brisbane Regional Championships,2026-09-27,2026-09-27,champions,Champions M-C,doubles,masters,Top 16,Joshua Sutherland-Smith,Scott Kennedy,Joshua Sutherland-Smith,https://www.twitch.tv/oceaniavgc,,https://standings.limitlessvgc.com/0038/pairings?round=12,https://rk9.gg/roster/BR002-IU5yO1W76UpdyA,https://liquipedia.net/pokemon/Pokemon_Championships/Regional/Brisbane/2027/VGC,1,queued,"stream=not listed on Liquipedia (event streamed only on community OceaniaVGC Twitch) | start_local=2026-09-27 10:40 AEST | series=2-0 | vod_kind=channel page; no VOD located | teamlists: https://standings.limitlessvgc.com/0038/player/0302/teamlist ; https://standings.limitlessvgc.com/0038/player/0289/teamlist | src: https://liquipedia.net/pokemon/Pokemon_Championships/Regional/Brisbane/2027/VGC (Liquipedia, via API 2026-09-28) ; https://standings.limitlessvgc.com/0038/pairings?round=12 (Limitless round 12, table 1: pairing+winner agree)"
2027-brisbane-masters-top-16-keigo-tanizawa-vs-aristo-wibowanto,match,2027 Pokémon Brisbane Regional Championships,2026-09-27,2026-09-27,champions,Champions M-C,doubles,masters,Top 16,Keigo Tanizawa,Aristo Wibowanto,Keigo Tanizawa,https://www.twitch.tv/oceaniavgc,,https://standings.limitlessvgc.com/0038/pairings?round=12,https://rk9.gg/roster/BR002-IU5yO1W76UpdyA,https://liquipedia.net/pokemon/Pokemon_Championships/Regional/Brisbane/2027/VGC,1,queued,"stream=not listed on Liquipedia (event streamed only on community OceaniaVGC Twitch) | start_local=2026-09-27 | series=W/L only (game score not listed) | vod_kind=channel page; no VOD located | teamlists: https://standings.limitlessvgc.com/0038/player/0175/teamlist ; https://standings.limitlessvgc.com/0038/player/0026/teamlist | src: https://liquipedia.net/pokemon/Pokemon_Championships/Regional/Brisbane/2027/VGC (Liquipedia, via API 2026-09-28) ; https://standings.limitlessvgc.com/0038/pairings?round=12 (Limitless round 12, table 2: pairing+winner agree)"
2027-brisbane-masters-quarterfinal-haruki-sato-vs-daniel-walker,match,2027 Pokémon Brisbane Regional Championships,2026-09-27,2026-09-27,champions,Champions M-C,doubles,masters,Quarterfinal,Haruki Sato,Daniel Walker,Haruki Sato,https://www.twitch.tv/oceaniavgc,,https://standings.limitlessvgc.com/0038/pairings?round=13,https://rk9.gg/roster/BR002-IU5yO1W76UpdyA,https://liquipedia.net/pokemon/Pokemon_Championships/Regional/Brisbane/2027/VGC,1,queued,"stream=not listed on Liquipedia (event streamed only on community OceaniaVGC Twitch) | start_local=2026-09-27 11:15 AEST | series=2-1 | vod_kind=channel page; no VOD located | teamlists: https://standings.limitlessvgc.com/0038/player/0141/teamlist ; https://standings.limitlessvgc.com/0038/player/0315/teamlist | src: https://liquipedia.net/pokemon/Pokemon_Championships/Regional/Brisbane/2027/VGC (Liquipedia, via API 2026-09-28) ; https://standings.limitlessvgc.com/0038/pairings?round=13 (Limitless round 13, table 2: pairing+winner agree)"
2027-brisbane-masters-quarterfinal-jude-gerard-lee-wei-cong-vs-keigo-tanizawa,match,2027 Pokémon Brisbane Regional Championships,2026-09-27,2026-09-27,champions,Champions M-C,doubles,masters,Quarterfinal,Jude Gerard Lee Wei Cong,Keigo Tanizawa,Jude Gerard Lee Wei Cong,https://www.twitch.tv/oceaniavgc,,https://standings.limitlessvgc.com/0038/pairings?round=13,https://rk9.gg/roster/BR002-IU5yO1W76UpdyA,https://liquipedia.net/pokemon/Pokemon_Championships/Regional/Brisbane/2027/VGC,1,queued,"stream=not listed on Liquipedia (event streamed only on community OceaniaVGC Twitch) | start_local=2026-09-27 | series=W/L only (game score not listed) | vod_kind=channel page; no VOD located | teamlists: https://standings.limitlessvgc.com/0038/player/0040/teamlist ; https://standings.limitlessvgc.com/0038/player/0175/teamlist | src: https://liquipedia.net/pokemon/Pokemon_Championships/Regional/Brisbane/2027/VGC (Liquipedia, via API 2026-09-28) ; https://standings.limitlessvgc.com/0038/pairings?round=13 (Limitless round 13, table 3: pairing+winner agree)"
2027-brisbane-masters-quarterfinal-kiran-singh-vs-daniel-quek,match,2027 Pokémon Brisbane Regional Championships,2026-09-27,2026-09-27,champions,Champions M-C,doubles,masters,Quarterfinal,Kiran Singh,Daniel Quek,Kiran Singh,https://www.twitch.tv/oceaniavgc,,https://standings.limitlessvgc.com/0038/pairings?round=13,https://rk9.gg/roster/BR002-IU5yO1W76UpdyA,https://liquipedia.net/pokemon/Pokemon_Championships/Regional/Brisbane/2027/VGC,1,queued,"stream=not listed on Liquipedia (event streamed only on community OceaniaVGC Twitch) | start_local=2026-09-27 | series=W/L only (game score not listed) | vod_kind=channel page; no VOD located | teamlists: https://standings.limitlessvgc.com/0038/player/0267/teamlist ; https://standings.limitlessvgc.com/0038/player/0137/teamlist | src: https://liquipedia.net/pokemon/Pokemon_Championships/Regional/Brisbane/2027/VGC (Liquipedia, via API 2026-09-28) ; https://standings.limitlessvgc.com/0038/pairings?round=13 (Limitless round 13, table 4: pairing+winner agree)"
2027-brisbane-masters-quarterfinal-matthew-henry-vs-joshua-sutherland-smith,match,2027 Pokémon Brisbane Regional Championships,2026-09-27,2026-09-27,champions,Champions M-C,doubles,masters,Quarterfinal,Matthew Henry,Joshua Sutherland-Smith,Joshua Sutherland-Smith,https://www.twitch.tv/oceaniavgc,,https://standings.limitlessvgc.com/0038/pairings?round=13,https://rk9.gg/roster/BR002-IU5yO1W76UpdyA,https://liquipedia.net/pokemon/Pokemon_Championships/Regional/Brisbane/2027/VGC,1,queued,"stream=not listed on Liquipedia (event streamed only on community OceaniaVGC Twitch) | start_local=2026-09-27 | series=W/L only (game score not listed) | vod_kind=channel page; no VOD located | teamlists: https://standings.limitlessvgc.com/0038/player/0085/teamlist ; https://standings.limitlessvgc.com/0038/player/0302/teamlist | src: https://liquipedia.net/pokemon/Pokemon_Championships/Regional/Brisbane/2027/VGC (Liquipedia, via API 2026-09-28) ; https://standings.limitlessvgc.com/0038/pairings?round=13 (Limitless round 13, table 1: pairing+winner agree)"
2027-brisbane-masters-semifinal-joshua-sutherland-smith-vs-haruki-sato,match,2027 Pokémon Brisbane Regional Championships,2026-09-27,2026-09-27,champions,Champions M-C,doubles,masters,Semifinal,Joshua Sutherland-Smith,Haruki Sato,Haruki Sato,https://www.twitch.tv/oceaniavgc,,https://standings.limitlessvgc.com/0038/pairings?round=14,https://rk9.gg/roster/BR002-IU5yO1W76UpdyA,https://liquipedia.net/pokemon/Pokemon_Championships/Regional/Brisbane/2027/VGC,1,queued,"stream=not listed on Liquipedia (event streamed only on community OceaniaVGC Twitch) | start_local=2026-09-27 12:55 AEST | series=1-2 | vod_kind=channel page; no VOD located | teamlists: https://standings.limitlessvgc.com/0038/player/0302/teamlist ; https://standings.limitlessvgc.com/0038/player/0141/teamlist | src: https://liquipedia.net/pokemon/Pokemon_Championships/Regional/Brisbane/2027/VGC (Liquipedia, via API 2026-09-28) ; https://standings.limitlessvgc.com/0038/pairings?round=14 (Limitless round 14, table 1: pairing+winner agree)"
2027-brisbane-masters-semifinal-jude-gerard-lee-wei-cong-vs-kiran-singh,match,2027 Pokémon Brisbane Regional Championships,2026-09-27,2026-09-27,champions,Champions M-C,doubles,masters,Semifinal,Jude Gerard Lee Wei Cong,Kiran Singh,Kiran Singh,https://www.twitch.tv/oceaniavgc,,https://standings.limitlessvgc.com/0038/pairings?round=14,https://rk9.gg/roster/BR002-IU5yO1W76UpdyA,https://liquipedia.net/pokemon/Pokemon_Championships/Regional/Brisbane/2027/VGC,1,queued,"stream=not listed on Liquipedia (event streamed only on community OceaniaVGC Twitch) | start_local=2026-09-27 12:20 AEST | series=1-2 | vod_kind=channel page; no VOD located | teamlists: https://standings.limitlessvgc.com/0038/player/0040/teamlist ; https://standings.limitlessvgc.com/0038/player/0267/teamlist | src: https://liquipedia.net/pokemon/Pokemon_Championships/Regional/Brisbane/2027/VGC (Liquipedia, via API 2026-09-28) ; https://standings.limitlessvgc.com/0038/pairings?round=14 (Limitless round 14, table 2: pairing+winner agree)"
2027-brisbane-masters-final-haruki-sato-vs-kiran-singh,match,2027 Pokémon Brisbane Regional Championships,2026-09-27,2026-09-27,champions,Champions M-C,doubles,masters,Final,Haruki Sato,Kiran Singh,Kiran Singh,https://www.twitch.tv/oceaniavgc,,https://standings.limitlessvgc.com/0038/pairings?round=15,https://rk9.gg/roster/BR002-IU5yO1W76UpdyA,https://liquipedia.net/pokemon/Pokemon_Championships/Regional/Brisbane/2027/VGC,1,queued,"stream=not listed on Liquipedia (event streamed only on community OceaniaVGC Twitch) | start_local=2026-09-27 13:35 AEST | series=1-2 | vod_kind=channel page; no VOD located | teamlists: https://standings.limitlessvgc.com/0038/player/0141/teamlist ; https://standings.limitlessvgc.com/0038/player/0267/teamlist | src: https://liquipedia.net/pokemon/Pokemon_Championships/Regional/Brisbane/2027/VGC (Liquipedia, via API 2026-09-28) ; https://standings.limitlessvgc.com/0038/pairings?round=15 (Limitless round 15, table 1: pairing+winner agree)"
2027-frankfurt,event,2027 Pokémon Frankfurt Regional Championships,2026-09-26,2026-09-27,champions,Champions M-C,doubles,,,,,Eric Rios,https://www.youtube.com/watch?v=LntvvccZNVo,,https://standings.limitlessvgc.com/0039/standings,https://rk9.gg/roster/FR002-fiunEHp9wx4mh4,https://liquipedia.net/pokemon/Pokemon_Championships/Regional/Frankfurt/2027/VGC,1,queued,"broadcast=official (Play! Pokémon / regional Pokémon Company channel) | vods: D1 https://youtu.be/6Mip5ftYurg [Official Pokémon]; D2 https://youtu.be/LntvvccZNVo [Play Pokémon]; D2 mirror https://youtu.be/ToSg0Ekkbs0 [Official Pokémon] | sources: https://victoryroad.pro/2027-season-calendar/ , https://victoryroad.pro/2027-frankfurt/ , https://rk9.gg/pairings/FR002-fiunEHp9wx4mh4 | Held 2026-09-26/27: official per-match uploads not yet published as of 2026-09-28 (re-check)."
2027-frankfurt-masters-r2-emanuele-briganti-vs-anton-mener,match,2027 Pokémon Frankfurt Regional Championships,2026-09-26,2026-09-26,champions,Champions M-C,doubles,masters,R2,Emanuele Briganti,Anton Meßner,Emanuele Briganti,https://www.youtube.com/watch?v=6Mip5ftYurg,,https://standings.limitlessvgc.com/0039/pairings?round=2,https://rk9.gg/roster/FR002-fiunEHp9wx4mh4,https://liquipedia.net/pokemon/Pokemon_Championships/Regional/Frankfurt/2027/VGC,1,queued,"stream=main stream (Pokémon) | start_local=2026-09-26 10:00 CEST | series=2-0 | vod_kind=day-stream VOD (D1, matched by date) | teamlists: https://standings.limitlessvgc.com/0039/player/0899/teamlist ; https://standings.limitlessvgc.com/0039/player/1078/teamlist | src: https://liquipedia.net/pokemon/Pokemon_Championships/Regional/Frankfurt/2027/VGC (Liquipedia, via API 2026-09-28) ; https://standings.limitlessvgc.com/0039/pairings?round=2 (Limitless round 2, table 60: pairing+winner agree)"
2027-frankfurt-masters-r3-colin-veit-vs-santiago-molina,match,2027 Pokémon Frankfurt Regional Championships,2026-09-26,2026-09-26,champions,Champions M-C,doubles,masters,R3,Colin Veit,Santiago Molina,Colin Veit,https://www.youtube.com/watch?v=6Mip5ftYurg,,https://standings.limitlessvgc.com/0039/pairings?round=3,https://rk9.gg/roster/FR002-fiunEHp9wx4mh4,https://liquipedia.net/pokemon/Pokemon_Championships/Regional/Frankfurt/2027/VGC,1,queued,"stream=main stream (Pokémon) | start_local=2026-09-26 11:00 CEST | series=2-1 | vod_kind=day-stream VOD (D1, matched by date) | teamlists: https://standings.limitlessvgc.com/0039/player/0820/teamlist ; https://standings.limitlessvgc.com/0039/player/0754/teamlist | src: https://liquipedia.net/pokemon/Pokemon_Championships/Regional/Frankfurt/2027/VGC (Liquipedia, via API 2026-09-28) ; https://standings.limitlessvgc.com/0039/pairings?round=3 (Limitless round 3, table 36: pairing+winner agree)"
2027-frankfurt-masters-r4-theotime-massaut-vs-nick-holmer,match,2027 Pokémon Frankfurt Regional Championships,2026-09-26,2026-09-26,champions,Champions M-C,doubles,masters,R4,Theotime Massaut,Nick Holmer,Theotime Massaut,https://www.youtube.com/watch?v=6Mip5ftYurg,,https://standings.limitlessvgc.com/0039/pairings?round=4,https://rk9.gg/roster/FR002-fiunEHp9wx4mh4,https://liquipedia.net/pokemon/Pokemon_Championships/Regional/Frankfurt/2027/VGC,1,queued,"stream=main stream (Pokémon) | start_local=2026-09-26 12:10 CEST | series=2-1 | vod_kind=day-stream VOD (D1, matched by date) | teamlists: https://standings.limitlessvgc.com/0039/player/0633/teamlist ; https://standings.limitlessvgc.com/0039/player/0291/teamlist | src: https://liquipedia.net/pokemon/Pokemon_Championships/Regional/Frankfurt/2027/VGC (Liquipedia, via API 2026-09-28) ; https://standings.limitlessvgc.com/0039/pairings?round=4 (Limitless round 4, table 46: pairing+winner agree)"
2027-frankfurt-masters-r5-rahim-farzan-vs-bart-van-doorn,match,2027 Pokémon Frankfurt Regional Championships,2026-09-26,2026-09-26,champions,Champions M-C,doubles,masters,R5,Rahim Farzan,Bart van Doorn,Rahim Farzan,https://www.youtube.com/watch?v=6Mip5ftYurg,,https://standings.limitlessvgc.com/0039/pairings?round=5,https://rk9.gg/roster/FR002-fiunEHp9wx4mh4,https://liquipedia.net/pokemon/Pokemon_Championships/Regional/Frankfurt/2027/VGC,1,queued,"stream=main stream (Pokémon) | start_local=2026-09-26 13:10 CEST | series=2-1 | vod_kind=day-stream VOD (D1, matched by date) | teamlists: https://standings.limitlessvgc.com/0039/player/0901/teamlist ; https://standings.limitlessvgc.com/0039/player/0266/teamlist | src: https://liquipedia.net/pokemon/Pokemon_Championships/Regional/Frankfurt/2027/VGC (Liquipedia, via API 2026-09-28) ; https://standings.limitlessvgc.com/0039/pairings?round=5 (Limitless round 5, table 9: pairing+winner agree)"
2027-frankfurt-masters-r6-simon-van-der-borght-vs-louis-fontvieille,match,2027 Pokémon Frankfurt Regional Championships,2026-09-26,2026-09-26,champions,Champions M-C,doubles,masters,R6,Simon Van der Borght,Louis Fontvieille,Simon Van der Borght,https://www.youtube.com/watch?v=6Mip5ftYurg,,https://standings.limitlessvgc.com/0039/pairings?round=6,https://rk9.gg/roster/FR002-fiunEHp9wx4mh4,https://liquipedia.net/pokemon/Pokemon_Championships/Regional/Frankfurt/2027/VGC,1,queued,"stream=main stream (Pokémon) | start_local=2026-09-26 14:00 CEST | series=2-0 | vod_kind=day-stream VOD (D1, matched by date) | teamlists: https://standings.limitlessvgc.com/0039/player/0757/teamlist ; https://standings.limitlessvgc.com/0039/player/1031/teamlist | src: https://liquipedia.net/pokemon/Pokemon_Championships/Regional/Frankfurt/2027/VGC (Liquipedia, via API 2026-09-28) ; https://standings.limitlessvgc.com/0039/pairings?round=6 (Limitless round 6, table 5: pairing+winner agree)"
2027-frankfurt-masters-r7-francesco-pio-pero-vs-yvar-vlieger,match,2027 Pokémon Frankfurt Regional Championships,2026-09-26,2026-09-26,champions,Champions M-C,doubles,masters,R7,Francesco Pio Pero,Yvar Vlieger,Francesco Pio Pero,https://www.youtube.com/watch?v=6Mip5ftYurg,,https://standings.limitlessvgc.com/0039/pairings?round=7,https://rk9.gg/roster/FR002-fiunEHp9wx4mh4,https://liquipedia.net/pokemon/Pokemon_Championships/Regional/Frankfurt/2027/VGC,1,queued,"stream=main stream (Pokémon) | start_local=2026-09-26 15:20 CEST | series=2-0 | vod_kind=day-stream VOD (D1, matched by date) | teamlists: https://standings.limitlessvgc.com/0039/player/0279/teamlist ; https://standings.limitlessvgc.com/0039/player/0892/teamlist | src: https://liquipedia.net/pokemon/Pokemon_Championships/Regional/Frankfurt/2027/VGC (Liquipedia, via API 2026-09-28) ; https://standings.limitlessvgc.com/0039/pairings?round=7 (Limitless round 7, table 4: pairing+winner agree)"
2027-frankfurt-masters-r8-sandro-pocrnja-vs-panagiotis-dimitrakopoylos,match,2027 Pokémon Frankfurt Regional Championships,2026-09-26,2026-09-26,champions,Champions M-C,doubles,masters,R8,Sandro Pocrnja,Panagiotis Dimitrakopoylos,Sandro Pocrnja,https://www.youtube.com/watch?v=6Mip5ftYurg,,https://standings.limitlessvgc.com/0039/pairings?round=8,https://rk9.gg/roster/FR002-fiunEHp9wx4mh4,https://liquipedia.net/pokemon/Pokemon_Championships/Regional/Frankfurt/2027/VGC,1,queued,"stream=main stream (Pokémon) | start_local=2026-09-26 16:10 CEST | series=2-0 | vod_kind=day-stream VOD (D1, matched by date) | teamlists: https://standings.limitlessvgc.com/0039/player/0886/teamlist ; https://standings.limitlessvgc.com/0039/player/0310/teamlist | src: https://liquipedia.net/pokemon/Pokemon_Championships/Regional/Frankfurt/2027/VGC (Liquipedia, via API 2026-09-28) ; https://standings.limitlessvgc.com/0039/pairings?round=8 (Limitless round 8, table 63: pairing+winner agree)"
2027-frankfurt-masters-r9-andrea-nesti-vs-eric-rios,match,2027 Pokémon Frankfurt Regional Championships,2026-09-26,2026-09-26,champions,Champions M-C,doubles,masters,R9,Andrea Nesti,Eric Rios,Eric Rios,https://www.youtube.com/watch?v=6Mip5ftYurg,,https://standings.limitlessvgc.com/0039/pairings?round=9,https://rk9.gg/roster/FR002-fiunEHp9wx4mh4,https://liquipedia.net/pokemon/Pokemon_Championships/Regional/Frankfurt/2027/VGC,1,queued,"stream=main stream (Pokémon) | start_local=2026-09-26 18:00 CEST | series=0-2 | vod_kind=day-stream VOD (D1, matched by date) | teamlists: https://standings.limitlessvgc.com/0039/player/0930/teamlist ; https://standings.limitlessvgc.com/0039/player/1025/teamlist | src: https://liquipedia.net/pokemon/Pokemon_Championships/Regional/Frankfurt/2027/VGC (Liquipedia, via API 2026-09-28) ; https://standings.limitlessvgc.com/0039/pairings?round=9 (Limitless round 9, table 1: pairing+winner agree)"
2027-frankfurt-masters-r11-naoya-takasago-vs-tim-kelling,match,2027 Pokémon Frankfurt Regional Championships,2026-09-27,2026-09-27,champions,Champions M-C,doubles,masters,R11,Naoya Takasago,Tim Kelling,Naoya Takasago,https://www.youtube.com/watch?v=LntvvccZNVo,,https://standings.limitlessvgc.com/0039/pairings?round=11,https://rk9.gg/roster/FR002-fiunEHp9wx4mh4,https://liquipedia.net/pokemon/Pokemon_Championships/Regional/Frankfurt/2027/VGC,1,queued,"stream=main stream (Pokémon) | start_local=2026-09-27 09:45 CEST | series=2-1 | vod_kind=day-stream VOD (D2, matched by date) | teamlists: https://standings.limitlessvgc.com/0039/player/0135/teamlist ; https://standings.limitlessvgc.com/0039/player/0273/teamlist | src: https://liquipedia.net/pokemon/Pokemon_Championships/Regional/Frankfurt/2027/VGC (Liquipedia, via API 2026-09-28) ; https://standings.limitlessvgc.com/0039/pairings?round=11 (Limitless round 11, table 5: pairing+winner agree)"
2027-frankfurt-masters-r12-yvar-vlieger-vs-paschalis-dermentzis,match,2027 Pokémon Frankfurt Regional Championships,2026-09-27,2026-09-27,champions,Champions M-C,doubles,masters,R12,Yvar Vlieger,Paschalis Dermentzis,Yvar Vlieger,https://www.youtube.com/watch?v=LntvvccZNVo,,https://standings.limitlessvgc.com/0039/pairings?round=12,https://rk9.gg/roster/FR002-fiunEHp9wx4mh4,https://liquipedia.net/pokemon/Pokemon_Championships/Regional/Frankfurt/2027/VGC,1,queued,"stream=main stream (Pokémon) | start_local=2026-09-27 10:45 CEST | series=2-1 | vod_kind=day-stream VOD (D2, matched by date) | teamlists: https://standings.limitlessvgc.com/0039/player/0892/teamlist ; https://standings.limitlessvgc.com/0039/player/0846/teamlist | src: https://liquipedia.net/pokemon/Pokemon_Championships/Regional/Frankfurt/2027/VGC (Liquipedia, via API 2026-09-28) ; https://standings.limitlessvgc.com/0039/pairings?round=12 (Limitless round 12, table 4: pairing+winner agree)"
2027-frankfurt-masters-r13-giuseppe-alario-vs-maximo-beas-martinez,match,2027 Pokémon Frankfurt Regional Championships,2026-09-27,2026-09-27,champions,Champions M-C,doubles,masters,R13,Giuseppe Alario,Máximo Beas Martínez,Giuseppe Alario,https://www.youtube.com/watch?v=LntvvccZNVo,,https://standings.limitlessvgc.com/0039/pairings?round=13,https://rk9.gg/roster/FR002-fiunEHp9wx4mh4,https://liquipedia.net/pokemon/Pokemon_Championships/Regional/Frankfurt/2027/VGC,1,queued,"stream=main stream (Pokémon) | start_local=2026-09-27 11:55 CEST | series=2-0 | vod_kind=day-stream VOD (D2, matched by date) | teamlists: https://standings.limitlessvgc.com/0039/player/1120/teamlist ; https://standings.limitlessvgc.com/0039/player/0733/teamlist | src: https://liquipedia.net/pokemon/Pokemon_Championships/Regional/Frankfurt/2027/VGC (Liquipedia, via API 2026-09-28) ; https://standings.limitlessvgc.com/0039/pairings?round=13 (Limitless round 13, table 10: pairing+winner agree)"
2027-frankfurt-masters-top-16-finn-seipold-vs-valentijn-visser,match,2027 Pokémon Frankfurt Regional Championships,2026-09-27,2026-09-27,champions,Champions M-C,doubles,masters,Top 16,Finn Seipold,Valentijn Visser,Valentijn Visser,https://www.youtube.com/watch?v=LntvvccZNVo,,https://standings.limitlessvgc.com/0039/pairings?round=14,https://rk9.gg/roster/FR002-fiunEHp9wx4mh4,https://liquipedia.net/pokemon/Pokemon_Championships/Regional/Frankfurt/2027/VGC,1,queued,"stream=not listed on Liquipedia (on-stream status unconfirmed) | start_local=2026-09-27 | series=0-2 | vod_kind=day-stream VOD (D2) to check | teamlists: https://standings.limitlessvgc.com/0039/player/0016/teamlist ; https://standings.limitlessvgc.com/0039/player/0818/teamlist | src: https://liquipedia.net/pokemon/Pokemon_Championships/Regional/Frankfurt/2027/VGC (Liquipedia, via API 2026-09-28) ; https://standings.limitlessvgc.com/0039/pairings?round=14 (Limitless round 14, table 5: pairing+winner agree)"
2027-frankfurt-masters-top-16-giuseppe-alario-vs-juan-manuel-odriozola,match,2027 Pokémon Frankfurt Regional Championships,2026-09-27,2026-09-27,champions,Champions M-C,doubles,masters,Top 16,Giuseppe Alario,Juan Manuel Odriozola,Juan Manuel Odriozola,https://www.youtube.com/watch?v=LntvvccZNVo,,https://standings.limitlessvgc.com/0039/pairings?round=14,https://rk9.gg/roster/FR002-fiunEHp9wx4mh4,https://liquipedia.net/pokemon/Pokemon_Championships/Regional/Frankfurt/2027/VGC,1,queued,"stream=not listed on Liquipedia (on-stream status unconfirmed) | start_local=2026-09-27 | series=0-2 | vod_kind=day-stream VOD (D2) to check | teamlists: https://standings.limitlessvgc.com/0039/player/1120/teamlist ; https://standings.limitlessvgc.com/0039/player/0114/teamlist | src: https://liquipedia.net/pokemon/Pokemon_Championships/Regional/Frankfurt/2027/VGC (Liquipedia, via API 2026-09-28) ; https://standings.limitlessvgc.com/0039/pairings?round=14 (Limitless round 14, table 2: pairing+winner agree)"
2027-frankfurt-masters-top-16-koen-van-cann-vs-eden-batchelor,match,2027 Pokémon Frankfurt Regional Championships,2026-09-27,2026-09-27,champions,Champions M-C,doubles,masters,Top 16,Koen van Cann,Eden Batchelor,Eden Batchelor,https://www.youtube.com/watch?v=LntvvccZNVo,,https://standings.limitlessvgc.com/0039/pairings?round=14,https://rk9.gg/roster/FR002-fiunEHp9wx4mh4,https://liquipedia.net/pokemon/Pokemon_Championships/Regional/Frankfurt/2027/VGC,1,queued,"stream=not listed on Liquipedia (on-stream status unconfirmed) | start_local=2026-09-27 | series=1-2 | vod_kind=day-stream VOD (D2) to check | teamlists: https://standings.limitlessvgc.com/0039/player/0655/teamlist ; https://standings.limitlessvgc.com/0039/player/0423/teamlist | src: https://liquipedia.net/pokemon/Pokemon_Championships/Regional/Frankfurt/2027/VGC (Liquipedia, via API 2026-09-28) ; https://standings.limitlessvgc.com/0039/pairings?round=14 (Limitless round 14, table 3: pairing+winner agree)"
2027-frankfurt-masters-top-16-nico-davide-cognetta-vs-giuseppe-musicco,match,2027 Pokémon Frankfurt Regional Championships,2026-09-27,2026-09-27,champions,Champions M-C,doubles,masters,Top 16,Nico Davide Cognetta,Giuseppe Musicco,Giuseppe Musicco,https://www.youtube.com/watch?v=LntvvccZNVo,,https://standings.limitlessvgc.com/0039/pairings?round=14,https://rk9.gg/roster/FR002-fiunEHp9wx4mh4,https://liquipedia.net/pokemon/Pokemon_Championships/Regional/Frankfurt/2027/VGC,1,queued,"stream=not listed on Liquipedia (on-stream status unconfirmed) | start_local=2026-09-27 | series=1-2 | vod_kind=day-stream VOD (D2) to check | teamlists: https://standings.limitlessvgc.com/0039/player/0115/teamlist ; https://standings.limitlessvgc.com/0039/player/0703/teamlist | src: https://liquipedia.net/pokemon/Pokemon_Championships/Regional/Frankfurt/2027/VGC (Liquipedia, via API 2026-09-28) ; https://standings.limitlessvgc.com/0039/pairings?round=14 (Limitless round 14, table 4: pairing+winner agree)"
2027-frankfurt-masters-quarterfinal-anthony-liuzzo-vs-eden-batchelor,match,2027 Pokémon Frankfurt Regional Championships,2026-09-27,2026-09-27,champions,Champions M-C,doubles,masters,Quarterfinal,Anthony Liuzzo,Eden Batchelor,Eden Batchelor,https://www.youtube.com/watch?v=LntvvccZNVo,,https://standings.limitlessvgc.com/0039/pairings?round=15,https://rk9.gg/roster/FR002-fiunEHp9wx4mh4,https://liquipedia.net/pokemon/Pokemon_Championships/Regional/Frankfurt/2027/VGC,1,queued,"stream=not listed on Liquipedia (on-stream status unconfirmed) | start_local=2026-09-27 | series=0-2 | vod_kind=day-stream VOD (D2) to check | teamlists: https://standings.limitlessvgc.com/0039/player/0219/teamlist ; https://standings.limitlessvgc.com/0039/player/0423/teamlist | src: https://liquipedia.net/pokemon/Pokemon_Championships/Regional/Frankfurt/2027/VGC (Liquipedia, via API 2026-09-28) ; https://standings.limitlessvgc.com/0039/pairings?round=15 (Limitless round 15, table 3: pairing+winner agree)"
2027-frankfurt-masters-quarterfinal-eric-rios-vs-juan-manuel-odriozola,match,2027 Pokémon Frankfurt Regional Championships,2026-09-27,2026-09-27,champions,Champions M-C,doubles,masters,Quarterfinal,Eric Rios,Juan Manuel Odriozola,Eric Rios,https://www.youtube.com/watch?v=LntvvccZNVo,,https://standings.limitlessvgc.com/0039/pairings?round=15,https://rk9.gg/roster/FR002-fiunEHp9wx4mh4,https://liquipedia.net/pokemon/Pokemon_Championships/Regional/Frankfurt/2027/VGC,1,queued,"stream=not listed on Liquipedia (on-stream status unconfirmed) | start_local=2026-09-27 | series=2-0 | vod_kind=day-stream VOD (D2) to check | teamlists: https://standings.limitlessvgc.com/0039/player/1025/teamlist ; https://standings.limitlessvgc.com/0039/player/0114/teamlist | src: https://liquipedia.net/pokemon/Pokemon_Championships/Regional/Frankfurt/2027/VGC (Liquipedia, via API 2026-09-28) ; https://standings.limitlessvgc.com/0039/pairings?round=15 (Limitless round 15, table 2: pairing+winner agree)"
2027-frankfurt-masters-quarterfinal-sebastian-liu-li-vs-giuseppe-musicco,match,2027 Pokémon Frankfurt Regional Championships,2026-09-27,2026-09-27,champions,Champions M-C,doubles,masters,Quarterfinal,Sebastian Liu Li,Giuseppe Musicco,Sebastian Liu Li,https://www.youtube.com/watch?v=LntvvccZNVo,,https://standings.limitlessvgc.com/0039/pairings?round=15,https://rk9.gg/roster/FR002-fiunEHp9wx4mh4,https://liquipedia.net/pokemon/Pokemon_Championships/Regional/Frankfurt/2027/VGC,1,queued,"stream=not listed on Liquipedia (on-stream status unconfirmed) | start_local=2026-09-27 | series=2-0 | vod_kind=day-stream VOD (D2) to check | teamlists: https://standings.limitlessvgc.com/0039/player/0519/teamlist ; https://standings.limitlessvgc.com/0039/player/0703/teamlist | src: https://liquipedia.net/pokemon/Pokemon_Championships/Regional/Frankfurt/2027/VGC (Liquipedia, via API 2026-09-28) ; https://standings.limitlessvgc.com/0039/pairings?round=15 (Limitless round 15, table 4: pairing+winner agree)"
2027-frankfurt-masters-quarterfinal-yvar-vlieger-vs-valentijn-visser,match,2027 Pokémon Frankfurt Regional Championships,2026-09-27,2026-09-27,champions,Champions M-C,doubles,masters,Quarterfinal,Yvar Vlieger,Valentijn Visser,Yvar Vlieger,https://www.youtube.com/watch?v=LntvvccZNVo,,https://standings.limitlessvgc.com/0039/pairings?round=15,https://rk9.gg/roster/FR002-fiunEHp9wx4mh4,https://liquipedia.net/pokemon/Pokemon_Championships/Regional/Frankfurt/2027/VGC,1,queued,"stream=not listed on Liquipedia (on-stream status unconfirmed) | start_local=2026-09-27 | series=2-1 | vod_kind=day-stream VOD (D2) to check | teamlists: https://standings.limitlessvgc.com/0039/player/0892/teamlist ; https://standings.limitlessvgc.com/0039/player/0818/teamlist | src: https://liquipedia.net/pokemon/Pokemon_Championships/Regional/Frankfurt/2027/VGC (Liquipedia, via API 2026-09-28) ; https://standings.limitlessvgc.com/0039/pairings?round=15 (Limitless round 15, table 5: pairing+winner agree)"
2027-frankfurt-masters-semifinal-eric-rios-vs-eden-batchelor,match,2027 Pokémon Frankfurt Regional Championships,2026-09-27,2026-09-27,champions,Champions M-C,doubles,masters,Semifinal,Eric Rios,Eden Batchelor,Eric Rios,https://www.youtube.com/watch?v=LntvvccZNVo,,https://standings.limitlessvgc.com/0039/pairings?round=16,https://rk9.gg/roster/FR002-fiunEHp9wx4mh4,https://liquipedia.net/pokemon/Pokemon_Championships/Regional/Frankfurt/2027/VGC,1,queued,"stream=not listed on Liquipedia (on-stream status unconfirmed) | start_local=2026-09-27 | series=2-0 | vod_kind=day-stream VOD (D2) to check | teamlists: https://standings.limitlessvgc.com/0039/player/1025/teamlist ; https://standings.limitlessvgc.com/0039/player/0423/teamlist | src: https://liquipedia.net/pokemon/Pokemon_Championships/Regional/Frankfurt/2027/VGC (Liquipedia, via API 2026-09-28) ; https://standings.limitlessvgc.com/0039/pairings?round=16 (Limitless round 16, table 2: pairing+winner agree)"
2027-frankfurt-masters-semifinal-sebastian-liu-li-vs-yvar-vlieger,match,2027 Pokémon Frankfurt Regional Championships,2026-09-27,2026-09-27,champions,Champions M-C,doubles,masters,Semifinal,Sebastian Liu Li,Yvar Vlieger,Sebastian Liu Li,https://www.youtube.com/watch?v=LntvvccZNVo,,https://standings.limitlessvgc.com/0039/pairings?round=16,https://rk9.gg/roster/FR002-fiunEHp9wx4mh4,https://liquipedia.net/pokemon/Pokemon_Championships/Regional/Frankfurt/2027/VGC,1,queued,"stream=not listed on Liquipedia (on-stream status unconfirmed) | start_local=2026-09-27 | series=2-0 | vod_kind=day-stream VOD (D2) to check | teamlists: https://standings.limitlessvgc.com/0039/player/0519/teamlist ; https://standings.limitlessvgc.com/0039/player/0892/teamlist | src: https://liquipedia.net/pokemon/Pokemon_Championships/Regional/Frankfurt/2027/VGC (Liquipedia, via API 2026-09-28) ; https://standings.limitlessvgc.com/0039/pairings?round=16 (Limitless round 16, table 3: pairing+winner agree)"
2027-frankfurt-masters-final-eric-rios-vs-sebastian-liu-li,match,2027 Pokémon Frankfurt Regional Championships,2026-09-27,2026-09-27,champions,Champions M-C,doubles,masters,Final,Eric Rios,Sebastian Liu Li,Eric Rios,https://www.youtube.com/watch?v=LntvvccZNVo,,https://standings.limitlessvgc.com/0039/pairings?round=17,https://rk9.gg/roster/FR002-fiunEHp9wx4mh4,https://liquipedia.net/pokemon/Pokemon_Championships/Regional/Frankfurt/2027/VGC,1,queued,"stream=main stream (Pokémon) | start_local=2026-09-27 | series=2-1 | vod_kind=day-stream VOD (D2, matched by date) | teamlists: https://standings.limitlessvgc.com/0039/player/1025/teamlist ; https://standings.limitlessvgc.com/0039/player/0519/teamlist | src: https://liquipedia.net/pokemon/Pokemon_Championships/Regional/Frankfurt/2027/VGC (Liquipedia, via API 2026-09-28) ; https://standings.limitlessvgc.com/0039/pairings?round=17 (Limitless round 17, table 2: pairing+winner agree)"
